<?xml version="1.1" encoding="UTF-8"?>
<linked-hash-map>
  <entry>
    <string>2</string>
    <Tag plugin="workflow-support@936.v9fa_77211ca_e1">
      <node class="org.jenkinsci.plugins.workflow.graph.FlowStartNode" plugin="workflow-api@1336.vee415d95c521">
        <parentIds/>
        <id>2</id>
      </node>
      <actions>
        <wf.a.TimingAction plugin="workflow-api@1336.vee415d95c521">
          <startTime>1736516692291</startTime>
        </wf.a.TimingAction>
      </actions>
    </Tag>
  </entry>
  <entry>
    <string>3</string>
    <Tag plugin="workflow-support@936.v9fa_77211ca_e1">
      <node class="cps.n.StepStartNode" plugin="workflow-cps@4007.vd705fc76a_34e">
        <parentIds>
          <string>2</string>
        </parentIds>
        <id>3</id>
        <descriptorId>org.jenkinsci.plugins.workflow.support.steps.ExecutorStep</descriptorId>
      </node>
      <actions>
        <s.a.LogStorageAction/>
        <wf.a.TimingAction plugin="workflow-api@1336.vee415d95c521">
          <startTime>1736516692818</startTime>
        </wf.a.TimingAction>
        <org.jenkinsci.plugins.workflow.support.steps.ExecutorStepExecution_-QueueItemActionImpl plugin="workflow-durable-task-step@1398.vf6c9e89e5988">
          <id>34</id>
        </org.jenkinsci.plugins.workflow.support.steps.ExecutorStepExecution_-QueueItemActionImpl>
        <s.a.WorkspaceActionImpl>
          <node></node>
          <path>/var/lib/jenkins/workspace/job-filRouge-completed</path>
          <labels class="sorted-set"/>
        </s.a.WorkspaceActionImpl>
      </actions>
    </Tag>
  </entry>
  <entry>
    <string>4</string>
    <Tag plugin="workflow-support@936.v9fa_77211ca_e1">
      <node class="cps.n.StepStartNode" plugin="workflow-cps@4007.vd705fc76a_34e">
        <parentIds>
          <string>3</string>
        </parentIds>
        <id>4</id>
        <descriptorId>org.jenkinsci.plugins.workflow.support.steps.ExecutorStep</descriptorId>
      </node>
      <actions>
        <wf.a.BodyInvocationAction plugin="workflow-api@1336.vee415d95c521"/>
        <wf.a.TimingAction plugin="workflow-api@1336.vee415d95c521">
          <startTime>1736516692912</startTime>
        </wf.a.TimingAction>
      </actions>
    </Tag>
  </entry>
  <entry>
    <string>5</string>
    <Tag plugin="workflow-support@936.v9fa_77211ca_e1">
      <node class="cps.n.StepStartNode" plugin="workflow-cps@4007.vd705fc76a_34e">
        <parentIds>
          <string>4</string>
        </parentIds>
        <id>5</id>
        <descriptorId>org.jenkinsci.plugins.workflow.support.steps.StageStep</descriptorId>
      </node>
      <actions>
        <s.a.LogStorageAction/>
        <cps.a.ArgumentsActionImpl plugin="workflow-cps@4007.vd705fc76a_34e">
          <arguments>
            <entry>
              <string>name</string>
              <string>Declarative: Checkout SCM</string>
            </entry>
          </arguments>
          <sensitiveVariables/>
          <isUnmodifiedBySanitization>true</isUnmodifiedBySanitization>
        </cps.a.ArgumentsActionImpl>
        <wf.a.TimingAction plugin="workflow-api@1336.vee415d95c521">
          <startTime>1736516692974</startTime>
        </wf.a.TimingAction>
      </actions>
    </Tag>
  </entry>
  <entry>
    <string>6</string>
    <Tag plugin="workflow-support@936.v9fa_77211ca_e1">
      <node class="cps.n.StepStartNode" plugin="workflow-cps@4007.vd705fc76a_34e">
        <parentIds>
          <string>5</string>
        </parentIds>
        <id>6</id>
        <descriptorId>org.jenkinsci.plugins.workflow.support.steps.StageStep</descriptorId>
      </node>
      <actions>
        <wf.a.BodyInvocationAction plugin="workflow-api@1336.vee415d95c521"/>
        <wf.a.LabelAction plugin="workflow-api@1336.vee415d95c521">
          <displayName>Declarative: Checkout SCM</displayName>
        </wf.a.LabelAction>
        <wf.a.TimingAction plugin="workflow-api@1336.vee415d95c521">
          <startTime>1736516692987</startTime>
        </wf.a.TimingAction>
        <wf.a.TagsAction plugin="workflow-api@1336.vee415d95c521">
          <tags>
            <entry>
              <string>SYNTHETIC_STAGE</string>
              <string>PRE</string>
            </entry>
          </tags>
        </wf.a.TagsAction>
      </actions>
    </Tag>
  </entry>
  <entry>
    <string>7</string>
    <Tag plugin="workflow-support@936.v9fa_77211ca_e1">
      <node class="cps.n.StepAtomNode" plugin="workflow-cps@4007.vd705fc76a_34e">
        <parentIds>
          <string>6</string>
        </parentIds>
        <id>7</id>
        <descriptorId>org.jenkinsci.plugins.workflow.steps.scm.GenericSCMStep</descriptorId>
      </node>
      <actions>
        <cps.a.ArgumentsActionImpl plugin="workflow-cps@4007.vd705fc76a_34e">
          <arguments>
            <entry>
              <string>scm</string>
              <org.jenkinsci.plugins.structs.describable.UninstantiatedDescribable plugin="structs@338.v848422169819">
                <symbol>scmGit</symbol>
                <arguments class="tree-map">
                  <entry>
                    <string>branches</string>
                    <list>
                      <org.jenkinsci.plugins.structs.describable.UninstantiatedDescribable>
                        <arguments class="tree-map">
                          <entry>
                            <string>name</string>
                            <string>*/prod</string>
                          </entry>
                        </arguments>
                        <model resolves-to="org.jenkinsci.plugins.structs.describable.DescribableModel$SerializedForm">
                          <type>hudson.plugins.git.BranchSpec</type>
                        </model>
                      </org.jenkinsci.plugins.structs.describable.UninstantiatedDescribable>
                    </list>
                  </entry>
                  <entry>
                    <string>extensions</string>
                    <list/>
                  </entry>
                  <entry>
                    <string>userRemoteConfigs</string>
                    <list>
                      <org.jenkinsci.plugins.structs.describable.UninstantiatedDescribable>
                        <arguments class="tree-map">
                          <entry>
                            <string>credentialsId</string>
                            <string>a519e48a-7db2-4f14-b0f0-bd9c4827352d</string>
                          </entry>
                          <entry>
                            <string>url</string>
                            <string>https://github.com/agndiaye001/FilRouge.git</string>
                          </entry>
                        </arguments>
                        <model resolves-to="org.jenkinsci.plugins.structs.describable.DescribableModel$SerializedForm">
                          <type>hudson.plugins.git.UserRemoteConfig</type>
                        </model>
                      </org.jenkinsci.plugins.structs.describable.UninstantiatedDescribable>
                    </list>
                  </entry>
                </arguments>
                <model resolves-to="org.jenkinsci.plugins.structs.describable.DescribableModel$SerializedForm">
                  <type>hudson.plugins.git.GitSCM</type>
                </model>
              </org.jenkinsci.plugins.structs.describable.UninstantiatedDescribable>
            </entry>
          </arguments>
          <sensitiveVariables/>
          <isUnmodifiedBySanitization>true</isUnmodifiedBySanitization>
        </cps.a.ArgumentsActionImpl>
        <wf.a.TimingAction plugin="workflow-api@1336.vee415d95c521">
          <startTime>1736516693060</startTime>
        </wf.a.TimingAction>
        <s.a.LogStorageAction/>
      </actions>
    </Tag>
  </entry>
  <entry>
    <string>8</string>
    <Tag plugin="workflow-support@936.v9fa_77211ca_e1">
      <node class="cps.n.StepEndNode" plugin="workflow-cps@4007.vd705fc76a_34e">
        <parentIds>
          <string>7</string>
        </parentIds>
        <id>8</id>
        <startId>6</startId>
      </node>
      <actions>
        <wf.a.BodyInvocationAction plugin="workflow-api@1336.vee415d95c521"/>
        <wf.a.TimingAction plugin="workflow-api@1336.vee415d95c521">
          <startTime>1736516693919</startTime>
        </wf.a.TimingAction>
      </actions>
    </Tag>
  </entry>
  <entry>
    <string>9</string>
    <Tag plugin="workflow-support@936.v9fa_77211ca_e1">
      <node class="cps.n.StepEndNode" plugin="workflow-cps@4007.vd705fc76a_34e">
        <parentIds>
          <string>8</string>
        </parentIds>
        <id>9</id>
        <startId>5</startId>
      </node>
      <actions>
        <wf.a.TimingAction plugin="workflow-api@1336.vee415d95c521">
          <startTime>1736516693963</startTime>
        </wf.a.TimingAction>
      </actions>
    </Tag>
  </entry>
  <entry>
    <string>10</string>
    <Tag plugin="workflow-support@936.v9fa_77211ca_e1">
      <node class="cps.n.StepStartNode" plugin="workflow-cps@4007.vd705fc76a_34e">
        <parentIds>
          <string>9</string>
        </parentIds>
        <id>10</id>
        <descriptorId>org.jenkinsci.plugins.workflow.steps.EnvStep</descriptorId>
      </node>
      <actions>
        <s.a.LogStorageAction/>
        <cps.a.ArgumentsActionImpl plugin="workflow-cps@4007.vd705fc76a_34e">
          <arguments>
            <entry>
              <string>overrides</string>
              <list>
                <string>GIT_AUTHOR_EMAIL=mamindiaye0101@gmail.com</string>
                <string>GIT_AUTHOR_NAME=agndiaye001</string>
                <string>GIT_BRANCH=origin/prod</string>
                <string>GIT_COMMIT=fbef1fbdb997de1e0acd57afb536b2ad6c713aad</string>
                <string>GIT_COMMITTER_EMAIL=mamindiaye0101@gmail.com</string>
                <string>GIT_COMMITTER_NAME=agndiaye001</string>
                <string>GIT_PREVIOUS_COMMIT=659943c26a5305456eb8b39ff4e99440cd21cf76</string>
                <string>GIT_PREVIOUS_SUCCESSFUL_COMMIT=659943c26a5305456eb8b39ff4e99440cd21cf76</string>
                <string>GIT_URL=https://github.com/agndiaye001/FilRouge.git</string>
              </list>
            </entry>
          </arguments>
          <sensitiveVariables/>
          <isUnmodifiedBySanitization>true</isUnmodifiedBySanitization>
        </cps.a.ArgumentsActionImpl>
        <wf.a.TimingAction plugin="workflow-api@1336.vee415d95c521">
          <startTime>1736516694024</startTime>
        </wf.a.TimingAction>
      </actions>
    </Tag>
  </entry>
  <entry>
    <string>11</string>
    <Tag plugin="workflow-support@936.v9fa_77211ca_e1">
      <node class="cps.n.StepStartNode" plugin="workflow-cps@4007.vd705fc76a_34e">
        <parentIds>
          <string>10</string>
        </parentIds>
        <id>11</id>
        <descriptorId>org.jenkinsci.plugins.workflow.steps.EnvStep</descriptorId>
      </node>
      <actions>
        <wf.a.BodyInvocationAction plugin="workflow-api@1336.vee415d95c521"/>
        <wf.a.TimingAction plugin="workflow-api@1336.vee415d95c521">
          <startTime>1736516694035</startTime>
        </wf.a.TimingAction>
      </actions>
    </Tag>
  </entry>
  <entry>
    <string>12</string>
    <Tag plugin="workflow-support@936.v9fa_77211ca_e1">
      <node class="cps.n.StepStartNode" plugin="workflow-cps@4007.vd705fc76a_34e">
        <parentIds>
          <string>11</string>
        </parentIds>
        <id>12</id>
        <descriptorId>org.jenkinsci.plugins.workflow.support.steps.StageStep</descriptorId>
      </node>
      <actions>
        <s.a.LogStorageAction/>
        <cps.a.ArgumentsActionImpl plugin="workflow-cps@4007.vd705fc76a_34e">
          <arguments>
            <entry>
              <string>name</string>
              <string>List Files</string>
            </entry>
          </arguments>
          <sensitiveVariables/>
          <isUnmodifiedBySanitization>true</isUnmodifiedBySanitization>
        </cps.a.ArgumentsActionImpl>
        <wf.a.TimingAction plugin="workflow-api@1336.vee415d95c521">
          <startTime>1736516694101</startTime>
        </wf.a.TimingAction>
      </actions>
    </Tag>
  </entry>
  <entry>
    <string>13</string>
    <Tag plugin="workflow-support@936.v9fa_77211ca_e1">
      <node class="cps.n.StepStartNode" plugin="workflow-cps@4007.vd705fc76a_34e">
        <parentIds>
          <string>12</string>
        </parentIds>
        <id>13</id>
        <descriptorId>org.jenkinsci.plugins.workflow.support.steps.StageStep</descriptorId>
      </node>
      <actions>
        <wf.a.BodyInvocationAction plugin="workflow-api@1336.vee415d95c521"/>
        <wf.a.LabelAction plugin="workflow-api@1336.vee415d95c521">
          <displayName>List Files</displayName>
        </wf.a.LabelAction>
        <wf.a.TimingAction plugin="workflow-api@1336.vee415d95c521">
          <startTime>1736516694112</startTime>
        </wf.a.TimingAction>
      </actions>
    </Tag>
  </entry>
  <entry>
    <string>14</string>
    <Tag plugin="workflow-support@936.v9fa_77211ca_e1">
      <node class="cps.n.StepAtomNode" plugin="workflow-cps@4007.vd705fc76a_34e">
        <parentIds>
          <string>13</string>
        </parentIds>
        <id>14</id>
        <descriptorId>org.jenkinsci.plugins.workflow.steps.durable_task.ShellStep</descriptorId>
      </node>
      <actions>
        <cps.a.ArgumentsActionImpl plugin="workflow-cps@4007.vd705fc76a_34e">
          <arguments>
            <entry>
              <string>script</string>
              <string>ls -la FilRouge/backend</string>
            </entry>
          </arguments>
          <sensitiveVariables/>
          <isUnmodifiedBySanitization>true</isUnmodifiedBySanitization>
        </cps.a.ArgumentsActionImpl>
        <wf.a.TimingAction plugin="workflow-api@1336.vee415d95c521">
          <startTime>1736516694196</startTime>
        </wf.a.TimingAction>
        <s.a.LogStorageAction/>
      </actions>
    </Tag>
  </entry>
  <entry>
    <string>15</string>
    <Tag plugin="workflow-support@936.v9fa_77211ca_e1">
      <node class="cps.n.StepEndNode" plugin="workflow-cps@4007.vd705fc76a_34e">
        <parentIds>
          <string>14</string>
        </parentIds>
        <id>15</id>
        <startId>13</startId>
      </node>
      <actions>
        <wf.a.BodyInvocationAction plugin="workflow-api@1336.vee415d95c521"/>
        <wf.a.TimingAction plugin="workflow-api@1336.vee415d95c521">
          <startTime>1736516694529</startTime>
        </wf.a.TimingAction>
      </actions>
    </Tag>
  </entry>
  <entry>
    <string>16</string>
    <Tag plugin="workflow-support@936.v9fa_77211ca_e1">
      <node class="cps.n.StepEndNode" plugin="workflow-cps@4007.vd705fc76a_34e">
        <parentIds>
          <string>15</string>
        </parentIds>
        <id>16</id>
        <startId>12</startId>
      </node>
      <actions>
        <wf.a.TimingAction plugin="workflow-api@1336.vee415d95c521">
          <startTime>1736516694612</startTime>
        </wf.a.TimingAction>
      </actions>
    </Tag>
  </entry>
  <entry>
    <string>17</string>
    <Tag plugin="workflow-support@936.v9fa_77211ca_e1">
      <node class="cps.n.StepStartNode" plugin="workflow-cps@4007.vd705fc76a_34e">
        <parentIds>
          <string>16</string>
        </parentIds>
        <id>17</id>
        <descriptorId>org.jenkinsci.plugins.workflow.support.steps.StageStep</descriptorId>
      </node>
      <actions>
        <s.a.LogStorageAction/>
        <cps.a.ArgumentsActionImpl plugin="workflow-cps@4007.vd705fc76a_34e">
          <arguments>
            <entry>
              <string>name</string>
              <string>Build</string>
            </entry>
          </arguments>
          <sensitiveVariables/>
          <isUnmodifiedBySanitization>true</isUnmodifiedBySanitization>
        </cps.a.ArgumentsActionImpl>
        <wf.a.TimingAction plugin="workflow-api@1336.vee415d95c521">
          <startTime>1736516694669</startTime>
        </wf.a.TimingAction>
      </actions>
    </Tag>
  </entry>
  <entry>
    <string>18</string>
    <Tag plugin="workflow-support@936.v9fa_77211ca_e1">
      <node class="cps.n.StepStartNode" plugin="workflow-cps@4007.vd705fc76a_34e">
        <parentIds>
          <string>17</string>
        </parentIds>
        <id>18</id>
        <descriptorId>org.jenkinsci.plugins.workflow.support.steps.StageStep</descriptorId>
      </node>
      <actions>
        <wf.a.BodyInvocationAction plugin="workflow-api@1336.vee415d95c521"/>
        <wf.a.LabelAction plugin="workflow-api@1336.vee415d95c521">
          <displayName>Build</displayName>
        </wf.a.LabelAction>
        <wf.a.TimingAction plugin="workflow-api@1336.vee415d95c521">
          <startTime>1736516694682</startTime>
        </wf.a.TimingAction>
      </actions>
    </Tag>
  </entry>
  <entry>
    <string>19</string>
    <Tag plugin="workflow-support@936.v9fa_77211ca_e1">
      <node class="cps.n.StepStartNode" plugin="workflow-cps@4007.vd705fc76a_34e">
        <parentIds>
          <string>18</string>
        </parentIds>
        <id>19</id>
        <descriptorId>org.jenkinsci.plugins.pipeline.modeldefinition.steps.ScriptStep</descriptorId>
      </node>
      <actions>
        <s.a.LogStorageAction/>
        <wf.a.TimingAction plugin="workflow-api@1336.vee415d95c521">
          <startTime>1736516694787</startTime>
        </wf.a.TimingAction>
      </actions>
    </Tag>
  </entry>
  <entry>
    <string>20</string>
    <Tag plugin="workflow-support@936.v9fa_77211ca_e1">
      <node class="cps.n.StepStartNode" plugin="workflow-cps@4007.vd705fc76a_34e">
        <parentIds>
          <string>19</string>
        </parentIds>
        <id>20</id>
        <descriptorId>org.jenkinsci.plugins.pipeline.modeldefinition.steps.ScriptStep</descriptorId>
      </node>
      <actions>
        <wf.a.BodyInvocationAction plugin="workflow-api@1336.vee415d95c521"/>
        <wf.a.TimingAction plugin="workflow-api@1336.vee415d95c521">
          <startTime>1736516694845</startTime>
        </wf.a.TimingAction>
      </actions>
    </Tag>
  </entry>
  <entry>
    <string>21</string>
    <Tag plugin="workflow-support@936.v9fa_77211ca_e1">
      <node class="cps.n.StepAtomNode" plugin="workflow-cps@4007.vd705fc76a_34e">
        <parentIds>
          <string>20</string>
        </parentIds>
        <id>21</id>
        <descriptorId>org.jenkinsci.plugins.workflow.steps.IsUnixStep</descriptorId>
      </node>
      <actions>
        <wf.a.TimingAction plugin="workflow-api@1336.vee415d95c521">
          <startTime>1736516696796</startTime>
        </wf.a.TimingAction>
        <s.a.LogStorageAction/>
      </actions>
    </Tag>
  </entry>
  <entry>
    <string>22</string>
    <Tag plugin="workflow-support@936.v9fa_77211ca_e1">
      <node class="cps.n.StepStartNode" plugin="workflow-cps@4007.vd705fc76a_34e">
        <parentIds>
          <string>21</string>
        </parentIds>
        <id>22</id>
        <descriptorId>org.jenkinsci.plugins.workflow.steps.EnvStep</descriptorId>
      </node>
      <actions>
        <s.a.LogStorageAction/>
        <cps.a.ArgumentsActionImpl plugin="workflow-cps@4007.vd705fc76a_34e">
          <arguments>
            <entry>
              <string>overrides</string>
              <list>
                <string>JD_IMAGE=python:3.12.2</string>
              </list>
            </entry>
          </arguments>
          <sensitiveVariables/>
          <isUnmodifiedBySanitization>true</isUnmodifiedBySanitization>
        </cps.a.ArgumentsActionImpl>
        <wf.a.TimingAction plugin="workflow-api@1336.vee415d95c521">
          <startTime>1736516696892</startTime>
        </wf.a.TimingAction>
      </actions>
    </Tag>
  </entry>
  <entry>
    <string>23</string>
    <Tag plugin="workflow-support@936.v9fa_77211ca_e1">
      <node class="cps.n.StepStartNode" plugin="workflow-cps@4007.vd705fc76a_34e">
        <parentIds>
          <string>22</string>
        </parentIds>
        <id>23</id>
        <descriptorId>org.jenkinsci.plugins.workflow.steps.EnvStep</descriptorId>
      </node>
      <actions>
        <wf.a.BodyInvocationAction plugin="workflow-api@1336.vee415d95c521"/>
        <wf.a.TimingAction plugin="workflow-api@1336.vee415d95c521">
          <startTime>1736516696915</startTime>
        </wf.a.TimingAction>
      </actions>
    </Tag>
  </entry>
  <entry>
    <string>24</string>
    <Tag plugin="workflow-support@936.v9fa_77211ca_e1">
      <node class="cps.n.StepAtomNode" plugin="workflow-cps@4007.vd705fc76a_34e">
        <parentIds>
          <string>23</string>
        </parentIds>
        <id>24</id>
        <descriptorId>org.jenkinsci.plugins.workflow.steps.durable_task.ShellStep</descriptorId>
      </node>
      <actions>
        <cps.a.ArgumentsActionImpl plugin="workflow-cps@4007.vd705fc76a_34e">
          <arguments>
            <entry>
              <string>script</string>
              <string>docker build -t &quot;$JD_IMAGE&quot; FilRouge/backend</string>
            </entry>
          </arguments>
          <sensitiveVariables/>
          <isUnmodifiedBySanitization>true</isUnmodifiedBySanitization>
        </cps.a.ArgumentsActionImpl>
        <wf.a.TimingAction plugin="workflow-api@1336.vee415d95c521">
          <startTime>1736516696998</startTime>
        </wf.a.TimingAction>
        <s.a.LogStorageAction/>
      </actions>
    </Tag>
  </entry>
  <entry>
    <string>25</string>
    <Tag plugin="workflow-support@936.v9fa_77211ca_e1">
      <node class="cps.n.StepEndNode" plugin="workflow-cps@4007.vd705fc76a_34e">
        <parentIds>
          <string>24</string>
        </parentIds>
        <id>25</id>
        <startId>23</startId>
      </node>
      <actions>
        <wf.a.BodyInvocationAction plugin="workflow-api@1336.vee415d95c521"/>
        <wf.a.TimingAction plugin="workflow-api@1336.vee415d95c521">
          <startTime>1736516869190</startTime>
        </wf.a.TimingAction>
      </actions>
    </Tag>
  </entry>
  <entry>
    <string>26</string>
    <Tag plugin="workflow-support@936.v9fa_77211ca_e1">
      <node class="cps.n.StepEndNode" plugin="workflow-cps@4007.vd705fc76a_34e">
        <parentIds>
          <string>25</string>
        </parentIds>
        <id>26</id>
        <startId>22</startId>
      </node>
      <actions>
        <wf.a.TimingAction plugin="workflow-api@1336.vee415d95c521">
          <startTime>1736516869252</startTime>
        </wf.a.TimingAction>
      </actions>
    </Tag>
  </entry>
  <entry>
    <string>27</string>
    <Tag plugin="workflow-support@936.v9fa_77211ca_e1">
      <node class="cps.n.StepEndNode" plugin="workflow-cps@4007.vd705fc76a_34e">
        <parentIds>
          <string>26</string>
        </parentIds>
        <id>27</id>
        <startId>20</startId>
      </node>
      <actions>
        <wf.a.BodyInvocationAction plugin="workflow-api@1336.vee415d95c521"/>
        <wf.a.TimingAction plugin="workflow-api@1336.vee415d95c521">
          <startTime>1736516869342</startTime>
        </wf.a.TimingAction>
      </actions>
    </Tag>
  </entry>
  <entry>
    <string>28</string>
    <Tag plugin="workflow-support@936.v9fa_77211ca_e1">
      <node class="cps.n.StepEndNode" plugin="workflow-cps@4007.vd705fc76a_34e">
        <parentIds>
          <string>27</string>
        </parentIds>
        <id>28</id>
        <startId>19</startId>
      </node>
      <actions>
        <wf.a.TimingAction plugin="workflow-api@1336.vee415d95c521">
          <startTime>1736516869416</startTime>
        </wf.a.TimingAction>
      </actions>
    </Tag>
  </entry>
  <entry>
    <string>29</string>
    <Tag plugin="workflow-support@936.v9fa_77211ca_e1">
      <node class="cps.n.StepEndNode" plugin="workflow-cps@4007.vd705fc76a_34e">
        <parentIds>
          <string>28</string>
        </parentIds>
        <id>29</id>
        <startId>18</startId>
      </node>
      <actions>
        <wf.a.BodyInvocationAction plugin="workflow-api@1336.vee415d95c521"/>
        <wf.a.TimingAction plugin="workflow-api@1336.vee415d95c521">
          <startTime>1736516869454</startTime>
        </wf.a.TimingAction>
      </actions>
    </Tag>
  </entry>
  <entry>
    <string>30</string>
    <Tag plugin="workflow-support@936.v9fa_77211ca_e1">
      <node class="cps.n.StepEndNode" plugin="workflow-cps@4007.vd705fc76a_34e">
        <parentIds>
          <string>29</string>
        </parentIds>
        <id>30</id>
        <startId>17</startId>
      </node>
      <actions>
        <wf.a.TimingAction plugin="workflow-api@1336.vee415d95c521">
          <startTime>1736516869527</startTime>
        </wf.a.TimingAction>
      </actions>
    </Tag>
  </entry>
  <entry>
    <string>31</string>
    <Tag plugin="workflow-support@936.v9fa_77211ca_e1">
      <node class="cps.n.StepStartNode" plugin="workflow-cps@4007.vd705fc76a_34e">
        <parentIds>
          <string>30</string>
        </parentIds>
        <id>31</id>
        <descriptorId>org.jenkinsci.plugins.workflow.support.steps.StageStep</descriptorId>
      </node>
      <actions>
        <s.a.LogStorageAction/>
        <cps.a.ArgumentsActionImpl plugin="workflow-cps@4007.vd705fc76a_34e">
          <arguments>
            <entry>
              <string>name</string>
              <string>Test</string>
            </entry>
          </arguments>
          <sensitiveVariables/>
          <isUnmodifiedBySanitization>true</isUnmodifiedBySanitization>
        </cps.a.ArgumentsActionImpl>
        <wf.a.TimingAction plugin="workflow-api@1336.vee415d95c521">
          <startTime>1736516869614</startTime>
        </wf.a.TimingAction>
      </actions>
    </Tag>
  </entry>
  <entry>
    <string>32</string>
    <Tag plugin="workflow-support@936.v9fa_77211ca_e1">
      <node class="cps.n.StepStartNode" plugin="workflow-cps@4007.vd705fc76a_34e">
        <parentIds>
          <string>31</string>
        </parentIds>
        <id>32</id>
        <descriptorId>org.jenkinsci.plugins.workflow.support.steps.StageStep</descriptorId>
      </node>
      <actions>
        <wf.a.BodyInvocationAction plugin="workflow-api@1336.vee415d95c521"/>
        <wf.a.LabelAction plugin="workflow-api@1336.vee415d95c521">
          <displayName>Test</displayName>
        </wf.a.LabelAction>
        <wf.a.TimingAction plugin="workflow-api@1336.vee415d95c521">
          <startTime>1736516869635</startTime>
        </wf.a.TimingAction>
      </actions>
    </Tag>
  </entry>
  <entry>
    <string>33</string>
    <Tag plugin="workflow-support@936.v9fa_77211ca_e1">
      <node class="cps.n.StepAtomNode" plugin="workflow-cps@4007.vd705fc76a_34e">
        <parentIds>
          <string>32</string>
        </parentIds>
        <id>33</id>
        <descriptorId>org.jenkinsci.plugins.workflow.steps.durable_task.ShellStep</descriptorId>
      </node>
      <actions>
        <cps.a.ArgumentsActionImpl plugin="workflow-cps@4007.vd705fc76a_34e">
          <arguments>
            <entry>
              <string>script</string>
              <string>docker --version</string>
            </entry>
          </arguments>
          <sensitiveVariables/>
          <isUnmodifiedBySanitization>true</isUnmodifiedBySanitization>
        </cps.a.ArgumentsActionImpl>
        <wf.a.TimingAction plugin="workflow-api@1336.vee415d95c521">
          <startTime>1736516869814</startTime>
        </wf.a.TimingAction>
        <s.a.LogStorageAction/>
      </actions>
    </Tag>
  </entry>
  <entry>
    <string>34</string>
    <Tag plugin="workflow-support@936.v9fa_77211ca_e1">
      <node class="cps.n.StepEndNode" plugin="workflow-cps@4007.vd705fc76a_34e">
        <parentIds>
          <string>33</string>
        </parentIds>
        <id>34</id>
        <startId>32</startId>
      </node>
      <actions>
        <wf.a.BodyInvocationAction plugin="workflow-api@1336.vee415d95c521"/>
        <wf.a.TimingAction plugin="workflow-api@1336.vee415d95c521">
          <startTime>1736516870166</startTime>
        </wf.a.TimingAction>
      </actions>
    </Tag>
  </entry>
  <entry>
    <string>35</string>
    <Tag plugin="workflow-support@936.v9fa_77211ca_e1">
      <node class="cps.n.StepEndNode" plugin="workflow-cps@4007.vd705fc76a_34e">
        <parentIds>
          <string>34</string>
        </parentIds>
        <id>35</id>
        <startId>31</startId>
      </node>
      <actions>
        <wf.a.TimingAction plugin="workflow-api@1336.vee415d95c521">
          <startTime>1736516870228</startTime>
        </wf.a.TimingAction>
      </actions>
    </Tag>
  </entry>
  <entry>
    <string>36</string>
    <Tag plugin="workflow-support@936.v9fa_77211ca_e1">
      <node class="cps.n.StepEndNode" plugin="workflow-cps@4007.vd705fc76a_34e">
        <parentIds>
          <string>35</string>
        </parentIds>
        <id>36</id>
        <startId>11</startId>
      </node>
      <actions>
        <wf.a.BodyInvocationAction plugin="workflow-api@1336.vee415d95c521"/>
        <wf.a.TimingAction plugin="workflow-api@1336.vee415d95c521">
          <startTime>1736516870268</startTime>
        </wf.a.TimingAction>
      </actions>
    </Tag>
  </entry>
  <entry>
    <string>37</string>
    <Tag plugin="workflow-support@936.v9fa_77211ca_e1">
      <node class="cps.n.StepEndNode" plugin="workflow-cps@4007.vd705fc76a_34e">
        <parentIds>
          <string>36</string>
        </parentIds>
        <id>37</id>
        <startId>10</startId>
      </node>
      <actions>
        <wf.a.TimingAction plugin="workflow-api@1336.vee415d95c521">
          <startTime>1736516870337</startTime>
        </wf.a.TimingAction>
      </actions>
    </Tag>
  </entry>
  <entry>
    <string>38</string>
    <Tag plugin="workflow-support@936.v9fa_77211ca_e1">
      <node class="cps.n.StepEndNode" plugin="workflow-cps@4007.vd705fc76a_34e">
        <parentIds>
          <string>37</string>
        </parentIds>
        <id>38</id>
        <startId>4</startId>
      </node>
      <actions>
        <wf.a.BodyInvocationAction plugin="workflow-api@1336.vee415d95c521"/>
        <wf.a.TimingAction plugin="workflow-api@1336.vee415d95c521">
          <startTime>1736516870376</startTime>
        </wf.a.TimingAction>
      </actions>
    </Tag>
  </entry>
  <entry>
    <string>39</string>
    <Tag plugin="workflow-support@936.v9fa_77211ca_e1">
      <node class="cps.n.StepEndNode" plugin="workflow-cps@4007.vd705fc76a_34e">
        <parentIds>
          <string>38</string>
        </parentIds>
        <id>39</id>
        <startId>3</startId>
      </node>
      <actions>
        <wf.a.TimingAction plugin="workflow-api@1336.vee415d95c521">
          <startTime>1736516870473</startTime>
        </wf.a.TimingAction>
      </actions>
    </Tag>
  </entry>
  <entry>
    <string>40</string>
    <Tag plugin="workflow-support@936.v9fa_77211ca_e1">
      <node class="org.jenkinsci.plugins.workflow.graph.FlowEndNode" plugin="workflow-api@1336.vee415d95c521">
        <parentIds>
          <string>39</string>
        </parentIds>
        <id>40</id>
        <startId>2</startId>
        <result>
          <name>SUCCESS</name>
          <ordinal>0</ordinal>
          <color>BLUE</color>
          <completeBuild>true</completeBuild>
        </result>
      </node>
      <actions>
        <wf.a.TimingAction plugin="workflow-api@1336.vee415d95c521">
          <startTime>1736516870509</startTime>
        </wf.a.TimingAction>
      </actions>
    </Tag>
  </entry>
</linked-hash-map>