<?xml version="1.1" encoding="UTF-8"?>
<linked-hash-map>
  <entry>
    <string>2</string>
    <Tag plugin="workflow-support@936.v9fa_77211ca_e1">
      <node class="org.jenkinsci.plugins.workflow.graph.FlowStartNode" plugin="workflow-api@1336.vee415d95c521">
        <parentIds/>
        <id>2</id>
      </node>
      <actions>
        <wf.a.TimingAction plugin="workflow-api@1336.vee415d95c521">
          <startTime>1736516050466</startTime>
        </wf.a.TimingAction>
      </actions>
    </Tag>
  </entry>
  <entry>
    <string>3</string>
    <Tag plugin="workflow-support@936.v9fa_77211ca_e1">
      <node class="cps.n.StepStartNode" plugin="workflow-cps@4007.vd705fc76a_34e">
        <parentIds>
          <string>2</string>
        </parentIds>
        <id>3</id>
        <descriptorId>org.jenkinsci.plugins.workflow.support.steps.ExecutorStep</descriptorId>
      </node>
      <actions>
        <s.a.LogStorageAction/>
        <wf.a.TimingAction plugin="workflow-api@1336.vee415d95c521">
          <startTime>1736516050788</startTime>
        </wf.a.TimingAction>
        <org.jenkinsci.plugins.workflow.support.steps.ExecutorStepExecution_-QueueItemActionImpl plugin="workflow-durable-task-step@1398.vf6c9e89e5988">
          <id>26</id>
        </org.jenkinsci.plugins.workflow.support.steps.ExecutorStepExecution_-QueueItemActionImpl>
        <s.a.WorkspaceActionImpl>
          <node></node>
          <path>/var/lib/jenkins/workspace/job-filRouge-completed</path>
          <labels class="sorted-set"/>
        </s.a.WorkspaceActionImpl>
      </actions>
    </Tag>
  </entry>
  <entry>
    <string>4</string>
    <Tag plugin="workflow-support@936.v9fa_77211ca_e1">
      <node class="cps.n.StepStartNode" plugin="workflow-cps@4007.vd705fc76a_34e">
        <parentIds>
          <string>3</string>
        </parentIds>
        <id>4</id>
        <descriptorId>org.jenkinsci.plugins.workflow.support.steps.ExecutorStep</descriptorId>
      </node>
      <actions>
        <wf.a.BodyInvocationAction plugin="workflow-api@1336.vee415d95c521"/>
        <wf.a.TimingAction plugin="workflow-api@1336.vee415d95c521">
          <startTime>1736516050852</startTime>
        </wf.a.TimingAction>
      </actions>
    </Tag>
  </entry>
  <entry>
    <string>5</string>
    <Tag plugin="workflow-support@936.v9fa_77211ca_e1">
      <node class="cps.n.StepStartNode" plugin="workflow-cps@4007.vd705fc76a_34e">
        <parentIds>
          <string>4</string>
        </parentIds>
        <id>5</id>
        <descriptorId>org.jenkinsci.plugins.workflow.support.steps.StageStep</descriptorId>
      </node>
      <actions>
        <s.a.LogStorageAction/>
        <cps.a.ArgumentsActionImpl plugin="workflow-cps@4007.vd705fc76a_34e">
          <arguments>
            <entry>
              <string>name</string>
              <string>Declarative: Checkout SCM</string>
            </entry>
          </arguments>
          <sensitiveVariables/>
          <isUnmodifiedBySanitization>true</isUnmodifiedBySanitization>
        </cps.a.ArgumentsActionImpl>
        <wf.a.TimingAction plugin="workflow-api@1336.vee415d95c521">
          <startTime>1736516050900</startTime>
        </wf.a.TimingAction>
      </actions>
    </Tag>
  </entry>
  <entry>
    <string>6</string>
    <Tag plugin="workflow-support@936.v9fa_77211ca_e1">
      <node class="cps.n.StepStartNode" plugin="workflow-cps@4007.vd705fc76a_34e">
        <parentIds>
          <string>5</string>
        </parentIds>
        <id>6</id>
        <descriptorId>org.jenkinsci.plugins.workflow.support.steps.StageStep</descriptorId>
      </node>
      <actions>
        <wf.a.BodyInvocationAction plugin="workflow-api@1336.vee415d95c521"/>
        <wf.a.LabelAction plugin="workflow-api@1336.vee415d95c521">
          <displayName>Declarative: Checkout SCM</displayName>
        </wf.a.LabelAction>
        <wf.a.TimingAction plugin="workflow-api@1336.vee415d95c521">
          <startTime>1736516050909</startTime>
        </wf.a.TimingAction>
        <wf.a.TagsAction plugin="workflow-api@1336.vee415d95c521">
          <tags>
            <entry>
              <string>SYNTHETIC_STAGE</string>
              <string>PRE</string>
            </entry>
          </tags>
        </wf.a.TagsAction>
      </actions>
    </Tag>
  </entry>
  <entry>
    <string>7</string>
    <Tag plugin="workflow-support@936.v9fa_77211ca_e1">
      <node class="cps.n.StepAtomNode" plugin="workflow-cps@4007.vd705fc76a_34e">
        <parentIds>
          <string>6</string>
        </parentIds>
        <id>7</id>
        <descriptorId>org.jenkinsci.plugins.workflow.steps.scm.GenericSCMStep</descriptorId>
      </node>
      <actions>
        <cps.a.ArgumentsActionImpl plugin="workflow-cps@4007.vd705fc76a_34e">
          <arguments>
            <entry>
              <string>scm</string>
              <org.jenkinsci.plugins.structs.describable.UninstantiatedDescribable plugin="structs@338.v848422169819">
                <symbol>scmGit</symbol>
                <arguments class="tree-map">
                  <entry>
                    <string>branches</string>
                    <list>
                      <org.jenkinsci.plugins.structs.describable.UninstantiatedDescribable>
                        <arguments class="tree-map">
                          <entry>
                            <string>name</string>
                            <string>*/prod</string>
                          </entry>
                        </arguments>
                        <model resolves-to="org.jenkinsci.plugins.structs.describable.DescribableModel$SerializedForm">
                          <type>hudson.plugins.git.BranchSpec</type>
                        </model>
                      </org.jenkinsci.plugins.structs.describable.UninstantiatedDescribable>
                    </list>
                  </entry>
                  <entry>
                    <string>extensions</string>
                    <list/>
                  </entry>
                  <entry>
                    <string>userRemoteConfigs</string>
                    <list>
                      <org.jenkinsci.plugins.structs.describable.UninstantiatedDescribable>
                        <arguments class="tree-map">
                          <entry>
                            <string>credentialsId</string>
                            <string>a519e48a-7db2-4f14-b0f0-bd9c4827352d</string>
                          </entry>
                          <entry>
                            <string>url</string>
                            <string>https://github.com/agndiaye001/FilRouge.git</string>
                          </entry>
                        </arguments>
                        <model resolves-to="org.jenkinsci.plugins.structs.describable.DescribableModel$SerializedForm">
                          <type>hudson.plugins.git.UserRemoteConfig</type>
                        </model>
                      </org.jenkinsci.plugins.structs.describable.UninstantiatedDescribable>
                    </list>
                  </entry>
                </arguments>
                <model resolves-to="org.jenkinsci.plugins.structs.describable.DescribableModel$SerializedForm">
                  <type>hudson.plugins.git.GitSCM</type>
                </model>
              </org.jenkinsci.plugins.structs.describable.UninstantiatedDescribable>
            </entry>
          </arguments>
          <sensitiveVariables/>
          <isUnmodifiedBySanitization>true</isUnmodifiedBySanitization>
        </cps.a.ArgumentsActionImpl>
        <wf.a.TimingAction plugin="workflow-api@1336.vee415d95c521">
          <startTime>1736516050970</startTime>
        </wf.a.TimingAction>
        <s.a.LogStorageAction/>
      </actions>
    </Tag>
  </entry>
  <entry>
    <string>8</string>
    <Tag plugin="workflow-support@936.v9fa_77211ca_e1">
      <node class="cps.n.StepEndNode" plugin="workflow-cps@4007.vd705fc76a_34e">
        <parentIds>
          <string>7</string>
        </parentIds>
        <id>8</id>
        <startId>6</startId>
      </node>
      <actions>
        <wf.a.BodyInvocationAction plugin="workflow-api@1336.vee415d95c521"/>
        <wf.a.TimingAction plugin="workflow-api@1336.vee415d95c521">
          <startTime>1736516051613</startTime>
        </wf.a.TimingAction>
      </actions>
    </Tag>
  </entry>
  <entry>
    <string>9</string>
    <Tag plugin="workflow-support@936.v9fa_77211ca_e1">
      <node class="cps.n.StepEndNode" plugin="workflow-cps@4007.vd705fc76a_34e">
        <parentIds>
          <string>8</string>
        </parentIds>
        <id>9</id>
        <startId>5</startId>
      </node>
      <actions>
        <wf.a.TimingAction plugin="workflow-api@1336.vee415d95c521">
          <startTime>1736516051668</startTime>
        </wf.a.TimingAction>
      </actions>
    </Tag>
  </entry>
  <entry>
    <string>10</string>
    <Tag plugin="workflow-support@936.v9fa_77211ca_e1">
      <node class="cps.n.StepStartNode" plugin="workflow-cps@4007.vd705fc76a_34e">
        <parentIds>
          <string>9</string>
        </parentIds>
        <id>10</id>
        <descriptorId>org.jenkinsci.plugins.workflow.steps.EnvStep</descriptorId>
      </node>
      <actions>
        <s.a.LogStorageAction/>
        <cps.a.ArgumentsActionImpl plugin="workflow-cps@4007.vd705fc76a_34e">
          <arguments>
            <entry>
              <string>overrides</string>
              <list>
                <string>GIT_AUTHOR_EMAIL=mamindiaye0101@gmail.com</string>
                <string>GIT_AUTHOR_NAME=agndiaye001</string>
                <string>GIT_BRANCH=origin/prod</string>
                <string>GIT_COMMIT=c9dc7ecdcbfdbe0668b2fc3d00cf73c913169e98</string>
                <string>GIT_COMMITTER_EMAIL=mamindiaye0101@gmail.com</string>
                <string>GIT_COMMITTER_NAME=agndiaye001</string>
                <string>GIT_PREVIOUS_COMMIT=c9dc7ecdcbfdbe0668b2fc3d00cf73c913169e98</string>
                <string>GIT_PREVIOUS_SUCCESSFUL_COMMIT=acb6d22c201054e5bf9efd57ab06d8a27d1df311</string>
                <string>GIT_URL=https://github.com/agndiaye001/FilRouge.git</string>
              </list>
            </entry>
          </arguments>
          <sensitiveVariables/>
          <isUnmodifiedBySanitization>true</isUnmodifiedBySanitization>
        </cps.a.ArgumentsActionImpl>
        <wf.a.TimingAction plugin="workflow-api@1336.vee415d95c521">
          <startTime>1736516051757</startTime>
        </wf.a.TimingAction>
      </actions>
    </Tag>
  </entry>
  <entry>
    <string>11</string>
    <Tag plugin="workflow-support@936.v9fa_77211ca_e1">
      <node class="cps.n.StepStartNode" plugin="workflow-cps@4007.vd705fc76a_34e">
        <parentIds>
          <string>10</string>
        </parentIds>
        <id>11</id>
        <descriptorId>org.jenkinsci.plugins.workflow.steps.EnvStep</descriptorId>
      </node>
      <actions>
        <wf.a.BodyInvocationAction plugin="workflow-api@1336.vee415d95c521"/>
        <wf.a.TimingAction plugin="workflow-api@1336.vee415d95c521">
          <startTime>1736516051773</startTime>
        </wf.a.TimingAction>
      </actions>
    </Tag>
  </entry>
  <entry>
    <string>12</string>
    <Tag plugin="workflow-support@936.v9fa_77211ca_e1">
      <node class="cps.n.StepStartNode" plugin="workflow-cps@4007.vd705fc76a_34e">
        <parentIds>
          <string>11</string>
        </parentIds>
        <id>12</id>
        <descriptorId>org.jenkinsci.plugins.workflow.support.steps.StageStep</descriptorId>
      </node>
      <actions>
        <s.a.LogStorageAction/>
        <cps.a.ArgumentsActionImpl plugin="workflow-cps@4007.vd705fc76a_34e">
          <arguments>
            <entry>
              <string>name</string>
              <string>test</string>
            </entry>
          </arguments>
          <sensitiveVariables/>
          <isUnmodifiedBySanitization>true</isUnmodifiedBySanitization>
        </cps.a.ArgumentsActionImpl>
        <wf.a.TimingAction plugin="workflow-api@1336.vee415d95c521">
          <startTime>1736516051870</startTime>
        </wf.a.TimingAction>
      </actions>
    </Tag>
  </entry>
  <entry>
    <string>13</string>
    <Tag plugin="workflow-support@936.v9fa_77211ca_e1">
      <node class="cps.n.StepStartNode" plugin="workflow-cps@4007.vd705fc76a_34e">
        <parentIds>
          <string>12</string>
        </parentIds>
        <id>13</id>
        <descriptorId>org.jenkinsci.plugins.workflow.support.steps.StageStep</descriptorId>
      </node>
      <actions>
        <wf.a.BodyInvocationAction plugin="workflow-api@1336.vee415d95c521"/>
        <wf.a.LabelAction plugin="workflow-api@1336.vee415d95c521">
          <displayName>test</displayName>
        </wf.a.LabelAction>
        <wf.a.TimingAction plugin="workflow-api@1336.vee415d95c521">
          <startTime>1736516051886</startTime>
        </wf.a.TimingAction>
        <wf.a.TagsAction plugin="workflow-api@1336.vee415d95c521">
          <tags>
            <entry>
              <string>STAGE_STATUS</string>
              <string>FAILED_AND_CONTINUED</string>
            </entry>
          </tags>
        </wf.a.TagsAction>
      </actions>
    </Tag>
  </entry>
  <entry>
    <string>14</string>
    <Tag plugin="workflow-support@936.v9fa_77211ca_e1">
      <node class="cps.n.StepStartNode" plugin="workflow-cps@4007.vd705fc76a_34e">
        <parentIds>
          <string>13</string>
        </parentIds>
        <id>14</id>
        <descriptorId>org.jenkinsci.plugins.workflow.support.steps.ExecutorStep</descriptorId>
      </node>
      <actions>
        <s.a.LogStorageAction/>
        <cps.a.ArgumentsActionImpl plugin="workflow-cps@4007.vd705fc76a_34e">
          <arguments>
            <entry>
              <string>label</string>
              <null/>
            </entry>
          </arguments>
          <sensitiveVariables/>
          <isUnmodifiedBySanitization>true</isUnmodifiedBySanitization>
        </cps.a.ArgumentsActionImpl>
        <wf.a.TimingAction plugin="workflow-api@1336.vee415d95c521">
          <startTime>1736516052026</startTime>
        </wf.a.TimingAction>
        <org.jenkinsci.plugins.workflow.support.steps.ExecutorStepExecution_-QueueItemActionImpl plugin="workflow-durable-task-step@1398.vf6c9e89e5988">
          <id>27</id>
        </org.jenkinsci.plugins.workflow.support.steps.ExecutorStepExecution_-QueueItemActionImpl>
        <s.a.WorkspaceActionImpl>
          <node></node>
          <path>/var/lib/jenkins/workspace/job-filRouge-completed@2</path>
          <labels class="sorted-set"/>
        </s.a.WorkspaceActionImpl>
      </actions>
    </Tag>
  </entry>
  <entry>
    <string>15</string>
    <Tag plugin="workflow-support@936.v9fa_77211ca_e1">
      <node class="cps.n.StepStartNode" plugin="workflow-cps@4007.vd705fc76a_34e">
        <parentIds>
          <string>14</string>
        </parentIds>
        <id>15</id>
        <descriptorId>org.jenkinsci.plugins.workflow.support.steps.ExecutorStep</descriptorId>
      </node>
      <actions>
        <wf.a.BodyInvocationAction plugin="workflow-api@1336.vee415d95c521"/>
        <wf.a.TimingAction plugin="workflow-api@1336.vee415d95c521">
          <startTime>1736516052078</startTime>
        </wf.a.TimingAction>
      </actions>
    </Tag>
  </entry>
  <entry>
    <string>16</string>
    <Tag plugin="workflow-support@936.v9fa_77211ca_e1">
      <node class="cps.n.StepAtomNode" plugin="workflow-cps@4007.vd705fc76a_34e">
        <parentIds>
          <string>15</string>
        </parentIds>
        <id>16</id>
        <descriptorId>org.jenkinsci.plugins.workflow.steps.scm.GenericSCMStep</descriptorId>
      </node>
      <actions>
        <cps.a.ArgumentsActionImpl plugin="workflow-cps@4007.vd705fc76a_34e">
          <arguments>
            <entry>
              <string>scm</string>
              <org.jenkinsci.plugins.structs.describable.UninstantiatedDescribable plugin="structs@338.v848422169819">
                <symbol>scmGit</symbol>
                <arguments class="tree-map">
                  <entry>
                    <string>branches</string>
                    <list>
                      <org.jenkinsci.plugins.structs.describable.UninstantiatedDescribable>
                        <arguments class="tree-map">
                          <entry>
                            <string>name</string>
                            <string>*/prod</string>
                          </entry>
                        </arguments>
                        <model resolves-to="org.jenkinsci.plugins.structs.describable.DescribableModel$SerializedForm">
                          <type>hudson.plugins.git.BranchSpec</type>
                        </model>
                      </org.jenkinsci.plugins.structs.describable.UninstantiatedDescribable>
                    </list>
                  </entry>
                  <entry>
                    <string>extensions</string>
                    <list/>
                  </entry>
                  <entry>
                    <string>userRemoteConfigs</string>
                    <list>
                      <org.jenkinsci.plugins.structs.describable.UninstantiatedDescribable>
                        <arguments class="tree-map">
                          <entry>
                            <string>credentialsId</string>
                            <string>a519e48a-7db2-4f14-b0f0-bd9c4827352d</string>
                          </entry>
                          <entry>
                            <string>url</string>
                            <string>https://github.com/agndiaye001/FilRouge.git</string>
                          </entry>
                        </arguments>
                        <model resolves-to="org.jenkinsci.plugins.structs.describable.DescribableModel$SerializedForm">
                          <type>hudson.plugins.git.UserRemoteConfig</type>
                        </model>
                      </org.jenkinsci.plugins.structs.describable.UninstantiatedDescribable>
                    </list>
                  </entry>
                </arguments>
                <model reference="../../../../../../../../entry[6]/Tag/actions/cps.a.ArgumentsActionImpl/arguments/entry/org.jenkinsci.plugins.structs.describable.UninstantiatedDescribable/model"/>
              </org.jenkinsci.plugins.structs.describable.UninstantiatedDescribable>
            </entry>
          </arguments>
          <sensitiveVariables/>
          <isUnmodifiedBySanitization>true</isUnmodifiedBySanitization>
        </cps.a.ArgumentsActionImpl>
        <wf.a.TimingAction plugin="workflow-api@1336.vee415d95c521">
          <startTime>1736516052169</startTime>
        </wf.a.TimingAction>
        <s.a.LogStorageAction/>
      </actions>
    </Tag>
  </entry>
  <entry>
    <string>17</string>
    <Tag plugin="workflow-support@936.v9fa_77211ca_e1">
      <node class="cps.n.StepStartNode" plugin="workflow-cps@4007.vd705fc76a_34e">
        <parentIds>
          <string>16</string>
        </parentIds>
        <id>17</id>
        <descriptorId>org.jenkinsci.plugins.workflow.steps.EnvStep</descriptorId>
      </node>
      <actions>
        <s.a.LogStorageAction/>
        <cps.a.ArgumentsActionImpl plugin="workflow-cps@4007.vd705fc76a_34e">
          <arguments>
            <entry>
              <string>overrides</string>
              <list>
                <string>GIT_AUTHOR_EMAIL=mamindiaye0101@gmail.com</string>
                <string>GIT_AUTHOR_NAME=agndiaye001</string>
                <string>GIT_BRANCH=origin/prod</string>
                <string>GIT_COMMIT=c9dc7ecdcbfdbe0668b2fc3d00cf73c913169e98</string>
                <string>GIT_COMMITTER_EMAIL=mamindiaye0101@gmail.com</string>
                <string>GIT_COMMITTER_NAME=agndiaye001</string>
                <string>GIT_PREVIOUS_COMMIT=c9dc7ecdcbfdbe0668b2fc3d00cf73c913169e98</string>
                <string>GIT_PREVIOUS_SUCCESSFUL_COMMIT=acb6d22c201054e5bf9efd57ab06d8a27d1df311</string>
                <string>GIT_URL=https://github.com/agndiaye001/FilRouge.git</string>
              </list>
            </entry>
          </arguments>
          <sensitiveVariables/>
          <isUnmodifiedBySanitization>true</isUnmodifiedBySanitization>
        </cps.a.ArgumentsActionImpl>
        <wf.a.TimingAction plugin="workflow-api@1336.vee415d95c521">
          <startTime>1736516052967</startTime>
        </wf.a.TimingAction>
      </actions>
    </Tag>
  </entry>
  <entry>
    <string>18</string>
    <Tag plugin="workflow-support@936.v9fa_77211ca_e1">
      <node class="cps.n.StepStartNode" plugin="workflow-cps@4007.vd705fc76a_34e">
        <parentIds>
          <string>17</string>
        </parentIds>
        <id>18</id>
        <descriptorId>org.jenkinsci.plugins.workflow.steps.EnvStep</descriptorId>
      </node>
      <actions>
        <wf.a.BodyInvocationAction plugin="workflow-api@1336.vee415d95c521"/>
        <wf.a.TimingAction plugin="workflow-api@1336.vee415d95c521">
          <startTime>1736516052977</startTime>
        </wf.a.TimingAction>
      </actions>
    </Tag>
  </entry>
  <entry>
    <string>19</string>
    <Tag plugin="workflow-support@936.v9fa_77211ca_e1">
      <node class="cps.n.StepAtomNode" plugin="workflow-cps@4007.vd705fc76a_34e">
        <parentIds>
          <string>18</string>
        </parentIds>
        <id>19</id>
        <descriptorId>org.jenkinsci.plugins.workflow.steps.IsUnixStep</descriptorId>
      </node>
      <actions>
        <wf.a.TimingAction plugin="workflow-api@1336.vee415d95c521">
          <startTime>1736516053016</startTime>
        </wf.a.TimingAction>
        <s.a.LogStorageAction/>
      </actions>
    </Tag>
  </entry>
  <entry>
    <string>20</string>
    <Tag plugin="workflow-support@936.v9fa_77211ca_e1">
      <node class="cps.n.StepAtomNode" plugin="workflow-cps@4007.vd705fc76a_34e">
        <parentIds>
          <string>19</string>
        </parentIds>
        <id>20</id>
        <descriptorId>org.jenkinsci.plugins.workflow.steps.ReadFileStep</descriptorId>
      </node>
      <actions>
        <cps.a.ArgumentsActionImpl plugin="workflow-cps@4007.vd705fc76a_34e">
          <arguments>
            <entry>
              <string>file</string>
              <string>Dockerfile</string>
            </entry>
          </arguments>
          <sensitiveVariables/>
          <isUnmodifiedBySanitization>true</isUnmodifiedBySanitization>
        </cps.a.ArgumentsActionImpl>
        <wf.a.TimingAction plugin="workflow-api@1336.vee415d95c521">
          <startTime>1736516053048</startTime>
        </wf.a.TimingAction>
        <s.a.LogStorageAction/>
        <wf.a.ErrorAction plugin="workflow-api@1336.vee415d95c521">
          <error class="hudson.remoting.ProxyException">
            <detailMessage>java.nio.file.NoSuchFileException: /var/lib/jenkins/workspace/job-filRouge-completed@2/Dockerfile</detailMessage>
            <stackTrace>
              <trace>java.base/sun.nio.fs.UnixException.translateToIOException(UnixException.java:92)</trace>
              <trace>java.base/sun.nio.fs.UnixException.rethrowAsIOException(UnixException.java:106)</trace>
              <trace>java.base/sun.nio.fs.UnixException.rethrowAsIOException(UnixException.java:111)</trace>
              <trace>java.base/sun.nio.fs.UnixFileSystemProvider.newByteChannel(UnixFileSystemProvider.java:218)</trace>
              <trace>java.base/java.nio.file.Files.newByteChannel(Files.java:380)</trace>
              <trace>java.base/java.nio.file.Files.newByteChannel(Files.java:432)</trace>
              <trace>java.base/java.nio.file.spi.FileSystemProvider.newInputStream(FileSystemProvider.java:422)</trace>
              <trace>java.base/java.nio.file.Files.newInputStream(Files.java:160)</trace>
              <trace>hudson.FilePath.openInputStream(FilePath.java:2253)</trace>
              <trace>hudson.FilePath.newInputStreamDenyingSymlinkAsNeeded(FilePath.java:2241)</trace>
              <trace>hudson.FilePath.read(FilePath.java:2226)</trace>
              <trace>hudson.FilePath.read(FilePath.java:2219)</trace>
              <trace>PluginClassLoader for workflow-basic-steps//org.jenkinsci.plugins.workflow.steps.ReadFileStep$Execution.run(ReadFileStep.java:106)</trace>
              <trace>PluginClassLoader for workflow-basic-steps//org.jenkinsci.plugins.workflow.steps.ReadFileStep$Execution.run(ReadFileStep.java:96)</trace>
              <trace>PluginClassLoader for workflow-step-api//org.jenkinsci.plugins.workflow.steps.SynchronousNonBlockingStepExecution.lambda$start$0(SynchronousNonBlockingStepExecution.java:47)</trace>
              <trace>java.base/java.util.concurrent.Executors$RunnableAdapter.call(Executors.java:539)</trace>
              <trace>java.base/java.util.concurrent.FutureTask.run(FutureTask.java:264)</trace>
              <trace>java.base/java.util.concurrent.ThreadPoolExecutor.runWorker(ThreadPoolExecutor.java:1136)</trace>
              <trace>java.base/java.util.concurrent.ThreadPoolExecutor$Worker.run(ThreadPoolExecutor.java:635)</trace>
              <trace>java.base/java.lang.Thread.run(Thread.java:840)</trace>
            </stackTrace>
            <suppressedExceptions>
              <wf.a.ErrorAction_-ErrorId>
                <stackTrace/>
                <suppressedExceptions class="empty-list"/>
                <uuid>b4147447-a599-4faf-83c3-d6eecae422b3</uuid>
              </wf.a.ErrorAction_-ErrorId>
            </suppressedExceptions>
          </error>
        </wf.a.ErrorAction>
      </actions>
    </Tag>
  </entry>
  <entry>
    <string>21</string>
    <Tag plugin="workflow-support@936.v9fa_77211ca_e1">
      <node class="cps.n.StepEndNode" plugin="workflow-cps@4007.vd705fc76a_34e">
        <parentIds>
          <string>20</string>
        </parentIds>
        <id>21</id>
        <startId>18</startId>
      </node>
      <actions>
        <wf.a.BodyInvocationAction plugin="workflow-api@1336.vee415d95c521"/>
        <wf.a.TimingAction plugin="workflow-api@1336.vee415d95c521">
          <startTime>1736516053113</startTime>
        </wf.a.TimingAction>
        <wf.a.ErrorAction plugin="workflow-api@1336.vee415d95c521">
          <error class="hudson.remoting.ProxyException">
            <detailMessage>java.nio.file.NoSuchFileException: /var/lib/jenkins/workspace/job-filRouge-completed@2/Dockerfile</detailMessage>
            <stackTrace>
              <trace reference="../../../../../../../entry[19]/Tag/actions/wf.a.ErrorAction/error/stackTrace/trace"/>
              <trace reference="../../../../../../../entry[19]/Tag/actions/wf.a.ErrorAction/error/stackTrace/trace[2]"/>
              <trace reference="../../../../../../../entry[19]/Tag/actions/wf.a.ErrorAction/error/stackTrace/trace[3]"/>
              <trace reference="../../../../../../../entry[19]/Tag/actions/wf.a.ErrorAction/error/stackTrace/trace[4]"/>
              <trace reference="../../../../../../../entry[19]/Tag/actions/wf.a.ErrorAction/error/stackTrace/trace[5]"/>
              <trace reference="../../../../../../../entry[19]/Tag/actions/wf.a.ErrorAction/error/stackTrace/trace[6]"/>
              <trace reference="../../../../../../../entry[19]/Tag/actions/wf.a.ErrorAction/error/stackTrace/trace[7]"/>
              <trace reference="../../../../../../../entry[19]/Tag/actions/wf.a.ErrorAction/error/stackTrace/trace[8]"/>
              <trace reference="../../../../../../../entry[19]/Tag/actions/wf.a.ErrorAction/error/stackTrace/trace[9]"/>
              <trace reference="../../../../../../../entry[19]/Tag/actions/wf.a.ErrorAction/error/stackTrace/trace[10]"/>
              <trace reference="../../../../../../../entry[19]/Tag/actions/wf.a.ErrorAction/error/stackTrace/trace[11]"/>
              <trace reference="../../../../../../../entry[19]/Tag/actions/wf.a.ErrorAction/error/stackTrace/trace[12]"/>
              <trace reference="../../../../../../../entry[19]/Tag/actions/wf.a.ErrorAction/error/stackTrace/trace[13]"/>
              <trace reference="../../../../../../../entry[19]/Tag/actions/wf.a.ErrorAction/error/stackTrace/trace[14]"/>
              <trace reference="../../../../../../../entry[19]/Tag/actions/wf.a.ErrorAction/error/stackTrace/trace[15]"/>
              <trace reference="../../../../../../../entry[19]/Tag/actions/wf.a.ErrorAction/error/stackTrace/trace[16]"/>
              <trace reference="../../../../../../../entry[19]/Tag/actions/wf.a.ErrorAction/error/stackTrace/trace[17]"/>
              <trace reference="../../../../../../../entry[19]/Tag/actions/wf.a.ErrorAction/error/stackTrace/trace[18]"/>
              <trace reference="../../../../../../../entry[19]/Tag/actions/wf.a.ErrorAction/error/stackTrace/trace[19]"/>
              <trace reference="../../../../../../../entry[19]/Tag/actions/wf.a.ErrorAction/error/stackTrace/trace[20]"/>
            </stackTrace>
            <suppressedExceptions>
              <hudson.remoting.ProxyException>
                <detailMessage>org.jenkinsci.plugins.workflow.actions.ErrorAction$ErrorId: b4147447-a599-4faf-83c3-d6eecae422b3</detailMessage>
                <stackTrace/>
                <suppressedExceptions class="empty-list"/>
              </hudson.remoting.ProxyException>
            </suppressedExceptions>
          </error>
        </wf.a.ErrorAction>
      </actions>
    </Tag>
  </entry>
  <entry>
    <string>22</string>
    <Tag plugin="workflow-support@936.v9fa_77211ca_e1">
      <node class="cps.n.StepEndNode" plugin="workflow-cps@4007.vd705fc76a_34e">
        <parentIds>
          <string>21</string>
        </parentIds>
        <id>22</id>
        <startId>17</startId>
      </node>
      <actions>
        <wf.a.TimingAction plugin="workflow-api@1336.vee415d95c521">
          <startTime>1736516053166</startTime>
        </wf.a.TimingAction>
        <wf.a.ErrorAction plugin="workflow-api@1336.vee415d95c521">
          <error class="hudson.remoting.ProxyException">
            <detailMessage>java.nio.file.NoSuchFileException: /var/lib/jenkins/workspace/job-filRouge-completed@2/Dockerfile</detailMessage>
            <stackTrace>
              <trace reference="../../../../../../../entry[19]/Tag/actions/wf.a.ErrorAction/error/stackTrace/trace"/>
              <trace reference="../../../../../../../entry[19]/Tag/actions/wf.a.ErrorAction/error/stackTrace/trace[2]"/>
              <trace reference="../../../../../../../entry[19]/Tag/actions/wf.a.ErrorAction/error/stackTrace/trace[3]"/>
              <trace reference="../../../../../../../entry[19]/Tag/actions/wf.a.ErrorAction/error/stackTrace/trace[4]"/>
              <trace reference="../../../../../../../entry[19]/Tag/actions/wf.a.ErrorAction/error/stackTrace/trace[5]"/>
              <trace reference="../../../../../../../entry[19]/Tag/actions/wf.a.ErrorAction/error/stackTrace/trace[6]"/>
              <trace reference="../../../../../../../entry[19]/Tag/actions/wf.a.ErrorAction/error/stackTrace/trace[7]"/>
              <trace reference="../../../../../../../entry[19]/Tag/actions/wf.a.ErrorAction/error/stackTrace/trace[8]"/>
              <trace reference="../../../../../../../entry[19]/Tag/actions/wf.a.ErrorAction/error/stackTrace/trace[9]"/>
              <trace reference="../../../../../../../entry[19]/Tag/actions/wf.a.ErrorAction/error/stackTrace/trace[10]"/>
              <trace reference="../../../../../../../entry[19]/Tag/actions/wf.a.ErrorAction/error/stackTrace/trace[11]"/>
              <trace reference="../../../../../../../entry[19]/Tag/actions/wf.a.ErrorAction/error/stackTrace/trace[12]"/>
              <trace reference="../../../../../../../entry[19]/Tag/actions/wf.a.ErrorAction/error/stackTrace/trace[13]"/>
              <trace reference="../../../../../../../entry[19]/Tag/actions/wf.a.ErrorAction/error/stackTrace/trace[14]"/>
              <trace reference="../../../../../../../entry[19]/Tag/actions/wf.a.ErrorAction/error/stackTrace/trace[15]"/>
              <trace reference="../../../../../../../entry[19]/Tag/actions/wf.a.ErrorAction/error/stackTrace/trace[16]"/>
              <trace reference="../../../../../../../entry[19]/Tag/actions/wf.a.ErrorAction/error/stackTrace/trace[17]"/>
              <trace reference="../../../../../../../entry[19]/Tag/actions/wf.a.ErrorAction/error/stackTrace/trace[18]"/>
              <trace reference="../../../../../../../entry[19]/Tag/actions/wf.a.ErrorAction/error/stackTrace/trace[19]"/>
              <trace reference="../../../../../../../entry[19]/Tag/actions/wf.a.ErrorAction/error/stackTrace/trace[20]"/>
            </stackTrace>
            <suppressedExceptions>
              <hudson.remoting.ProxyException>
                <detailMessage>org.jenkinsci.plugins.workflow.actions.ErrorAction$ErrorId: b4147447-a599-4faf-83c3-d6eecae422b3</detailMessage>
                <stackTrace/>
                <suppressedExceptions class="empty-list"/>
              </hudson.remoting.ProxyException>
            </suppressedExceptions>
          </error>
        </wf.a.ErrorAction>
      </actions>
    </Tag>
  </entry>
  <entry>
    <string>23</string>
    <Tag plugin="workflow-support@936.v9fa_77211ca_e1">
      <node class="cps.n.StepEndNode" plugin="workflow-cps@4007.vd705fc76a_34e">
        <parentIds>
          <string>22</string>
        </parentIds>
        <id>23</id>
        <startId>15</startId>
      </node>
      <actions>
        <wf.a.BodyInvocationAction plugin="workflow-api@1336.vee415d95c521"/>
        <wf.a.TimingAction plugin="workflow-api@1336.vee415d95c521">
          <startTime>1736516053199</startTime>
        </wf.a.TimingAction>
        <wf.a.ErrorAction plugin="workflow-api@1336.vee415d95c521">
          <error class="hudson.remoting.ProxyException">
            <detailMessage>java.nio.file.NoSuchFileException: /var/lib/jenkins/workspace/job-filRouge-completed@2/Dockerfile</detailMessage>
            <stackTrace>
              <trace reference="../../../../../../../entry[19]/Tag/actions/wf.a.ErrorAction/error/stackTrace/trace"/>
              <trace reference="../../../../../../../entry[19]/Tag/actions/wf.a.ErrorAction/error/stackTrace/trace[2]"/>
              <trace reference="../../../../../../../entry[19]/Tag/actions/wf.a.ErrorAction/error/stackTrace/trace[3]"/>
              <trace reference="../../../../../../../entry[19]/Tag/actions/wf.a.ErrorAction/error/stackTrace/trace[4]"/>
              <trace reference="../../../../../../../entry[19]/Tag/actions/wf.a.ErrorAction/error/stackTrace/trace[5]"/>
              <trace reference="../../../../../../../entry[19]/Tag/actions/wf.a.ErrorAction/error/stackTrace/trace[6]"/>
              <trace reference="../../../../../../../entry[19]/Tag/actions/wf.a.ErrorAction/error/stackTrace/trace[7]"/>
              <trace reference="../../../../../../../entry[19]/Tag/actions/wf.a.ErrorAction/error/stackTrace/trace[8]"/>
              <trace reference="../../../../../../../entry[19]/Tag/actions/wf.a.ErrorAction/error/stackTrace/trace[9]"/>
              <trace reference="../../../../../../../entry[19]/Tag/actions/wf.a.ErrorAction/error/stackTrace/trace[10]"/>
              <trace reference="../../../../../../../entry[19]/Tag/actions/wf.a.ErrorAction/error/stackTrace/trace[11]"/>
              <trace reference="../../../../../../../entry[19]/Tag/actions/wf.a.ErrorAction/error/stackTrace/trace[12]"/>
              <trace reference="../../../../../../../entry[19]/Tag/actions/wf.a.ErrorAction/error/stackTrace/trace[13]"/>
              <trace reference="../../../../../../../entry[19]/Tag/actions/wf.a.ErrorAction/error/stackTrace/trace[14]"/>
              <trace reference="../../../../../../../entry[19]/Tag/actions/wf.a.ErrorAction/error/stackTrace/trace[15]"/>
              <trace reference="../../../../../../../entry[19]/Tag/actions/wf.a.ErrorAction/error/stackTrace/trace[16]"/>
              <trace reference="../../../../../../../entry[19]/Tag/actions/wf.a.ErrorAction/error/stackTrace/trace[17]"/>
              <trace reference="../../../../../../../entry[19]/Tag/actions/wf.a.ErrorAction/error/stackTrace/trace[18]"/>
              <trace reference="../../../../../../../entry[19]/Tag/actions/wf.a.ErrorAction/error/stackTrace/trace[19]"/>
              <trace reference="../../../../../../../entry[19]/Tag/actions/wf.a.ErrorAction/error/stackTrace/trace[20]"/>
            </stackTrace>
            <suppressedExceptions>
              <hudson.remoting.ProxyException>
                <detailMessage>org.jenkinsci.plugins.workflow.actions.ErrorAction$ErrorId: b4147447-a599-4faf-83c3-d6eecae422b3</detailMessage>
                <stackTrace/>
                <suppressedExceptions class="empty-list"/>
              </hudson.remoting.ProxyException>
            </suppressedExceptions>
          </error>
        </wf.a.ErrorAction>
      </actions>
    </Tag>
  </entry>
  <entry>
    <string>24</string>
    <Tag plugin="workflow-support@936.v9fa_77211ca_e1">
      <node class="cps.n.StepEndNode" plugin="workflow-cps@4007.vd705fc76a_34e">
        <parentIds>
          <string>23</string>
        </parentIds>
        <id>24</id>
        <startId>14</startId>
      </node>
      <actions>
        <wf.a.TimingAction plugin="workflow-api@1336.vee415d95c521">
          <startTime>1736516053255</startTime>
        </wf.a.TimingAction>
        <wf.a.ErrorAction plugin="workflow-api@1336.vee415d95c521">
          <error class="hudson.remoting.ProxyException">
            <detailMessage>java.nio.file.NoSuchFileException: /var/lib/jenkins/workspace/job-filRouge-completed@2/Dockerfile</detailMessage>
            <stackTrace>
              <trace reference="../../../../../../../entry[19]/Tag/actions/wf.a.ErrorAction/error/stackTrace/trace"/>
              <trace reference="../../../../../../../entry[19]/Tag/actions/wf.a.ErrorAction/error/stackTrace/trace[2]"/>
              <trace reference="../../../../../../../entry[19]/Tag/actions/wf.a.ErrorAction/error/stackTrace/trace[3]"/>
              <trace reference="../../../../../../../entry[19]/Tag/actions/wf.a.ErrorAction/error/stackTrace/trace[4]"/>
              <trace reference="../../../../../../../entry[19]/Tag/actions/wf.a.ErrorAction/error/stackTrace/trace[5]"/>
              <trace reference="../../../../../../../entry[19]/Tag/actions/wf.a.ErrorAction/error/stackTrace/trace[6]"/>
              <trace reference="../../../../../../../entry[19]/Tag/actions/wf.a.ErrorAction/error/stackTrace/trace[7]"/>
              <trace reference="../../../../../../../entry[19]/Tag/actions/wf.a.ErrorAction/error/stackTrace/trace[8]"/>
              <trace reference="../../../../../../../entry[19]/Tag/actions/wf.a.ErrorAction/error/stackTrace/trace[9]"/>
              <trace reference="../../../../../../../entry[19]/Tag/actions/wf.a.ErrorAction/error/stackTrace/trace[10]"/>
              <trace reference="../../../../../../../entry[19]/Tag/actions/wf.a.ErrorAction/error/stackTrace/trace[11]"/>
              <trace reference="../../../../../../../entry[19]/Tag/actions/wf.a.ErrorAction/error/stackTrace/trace[12]"/>
              <trace reference="../../../../../../../entry[19]/Tag/actions/wf.a.ErrorAction/error/stackTrace/trace[13]"/>
              <trace reference="../../../../../../../entry[19]/Tag/actions/wf.a.ErrorAction/error/stackTrace/trace[14]"/>
              <trace reference="../../../../../../../entry[19]/Tag/actions/wf.a.ErrorAction/error/stackTrace/trace[15]"/>
              <trace reference="../../../../../../../entry[19]/Tag/actions/wf.a.ErrorAction/error/stackTrace/trace[16]"/>
              <trace reference="../../../../../../../entry[19]/Tag/actions/wf.a.ErrorAction/error/stackTrace/trace[17]"/>
              <trace reference="../../../../../../../entry[19]/Tag/actions/wf.a.ErrorAction/error/stackTrace/trace[18]"/>
              <trace reference="../../../../../../../entry[19]/Tag/actions/wf.a.ErrorAction/error/stackTrace/trace[19]"/>
              <trace reference="../../../../../../../entry[19]/Tag/actions/wf.a.ErrorAction/error/stackTrace/trace[20]"/>
            </stackTrace>
            <suppressedExceptions>
              <hudson.remoting.ProxyException>
                <detailMessage>org.jenkinsci.plugins.workflow.actions.ErrorAction$ErrorId: b4147447-a599-4faf-83c3-d6eecae422b3</detailMessage>
                <stackTrace/>
                <suppressedExceptions class="empty-list"/>
              </hudson.remoting.ProxyException>
            </suppressedExceptions>
          </error>
        </wf.a.ErrorAction>
      </actions>
    </Tag>
  </entry>
  <entry>
    <string>25</string>
    <Tag plugin="workflow-support@936.v9fa_77211ca_e1">
      <node class="cps.n.StepEndNode" plugin="workflow-cps@4007.vd705fc76a_34e">
        <parentIds>
          <string>24</string>
        </parentIds>
        <id>25</id>
        <startId>13</startId>
      </node>
      <actions>
        <wf.a.BodyInvocationAction plugin="workflow-api@1336.vee415d95c521"/>
        <wf.a.TimingAction plugin="workflow-api@1336.vee415d95c521">
          <startTime>1736516053330</startTime>
        </wf.a.TimingAction>
        <wf.a.ErrorAction plugin="workflow-api@1336.vee415d95c521">
          <error class="hudson.remoting.ProxyException">
            <detailMessage>java.nio.file.NoSuchFileException: /var/lib/jenkins/workspace/job-filRouge-completed@2/Dockerfile</detailMessage>
            <stackTrace>
              <trace reference="../../../../../../../entry[19]/Tag/actions/wf.a.ErrorAction/error/stackTrace/trace"/>
              <trace reference="../../../../../../../entry[19]/Tag/actions/wf.a.ErrorAction/error/stackTrace/trace[2]"/>
              <trace reference="../../../../../../../entry[19]/Tag/actions/wf.a.ErrorAction/error/stackTrace/trace[3]"/>
              <trace reference="../../../../../../../entry[19]/Tag/actions/wf.a.ErrorAction/error/stackTrace/trace[4]"/>
              <trace reference="../../../../../../../entry[19]/Tag/actions/wf.a.ErrorAction/error/stackTrace/trace[5]"/>
              <trace reference="../../../../../../../entry[19]/Tag/actions/wf.a.ErrorAction/error/stackTrace/trace[6]"/>
              <trace reference="../../../../../../../entry[19]/Tag/actions/wf.a.ErrorAction/error/stackTrace/trace[7]"/>
              <trace reference="../../../../../../../entry[19]/Tag/actions/wf.a.ErrorAction/error/stackTrace/trace[8]"/>
              <trace reference="../../../../../../../entry[19]/Tag/actions/wf.a.ErrorAction/error/stackTrace/trace[9]"/>
              <trace reference="../../../../../../../entry[19]/Tag/actions/wf.a.ErrorAction/error/stackTrace/trace[10]"/>
              <trace reference="../../../../../../../entry[19]/Tag/actions/wf.a.ErrorAction/error/stackTrace/trace[11]"/>
              <trace reference="../../../../../../../entry[19]/Tag/actions/wf.a.ErrorAction/error/stackTrace/trace[12]"/>
              <trace reference="../../../../../../../entry[19]/Tag/actions/wf.a.ErrorAction/error/stackTrace/trace[13]"/>
              <trace reference="../../../../../../../entry[19]/Tag/actions/wf.a.ErrorAction/error/stackTrace/trace[14]"/>
              <trace reference="../../../../../../../entry[19]/Tag/actions/wf.a.ErrorAction/error/stackTrace/trace[15]"/>
              <trace reference="../../../../../../../entry[19]/Tag/actions/wf.a.ErrorAction/error/stackTrace/trace[16]"/>
              <trace reference="../../../../../../../entry[19]/Tag/actions/wf.a.ErrorAction/error/stackTrace/trace[17]"/>
              <trace reference="../../../../../../../entry[19]/Tag/actions/wf.a.ErrorAction/error/stackTrace/trace[18]"/>
              <trace reference="../../../../../../../entry[19]/Tag/actions/wf.a.ErrorAction/error/stackTrace/trace[19]"/>
              <trace reference="../../../../../../../entry[19]/Tag/actions/wf.a.ErrorAction/error/stackTrace/trace[20]"/>
            </stackTrace>
            <suppressedExceptions>
              <hudson.remoting.ProxyException>
                <detailMessage>org.jenkinsci.plugins.workflow.actions.ErrorAction$ErrorId: b4147447-a599-4faf-83c3-d6eecae422b3</detailMessage>
                <stackTrace/>
                <suppressedExceptions class="empty-list"/>
              </hudson.remoting.ProxyException>
            </suppressedExceptions>
          </error>
        </wf.a.ErrorAction>
      </actions>
    </Tag>
  </entry>
  <entry>
    <string>26</string>
    <Tag plugin="workflow-support@936.v9fa_77211ca_e1">
      <node class="cps.n.StepEndNode" plugin="workflow-cps@4007.vd705fc76a_34e">
        <parentIds>
          <string>25</string>
        </parentIds>
        <id>26</id>
        <startId>12</startId>
      </node>
      <actions>
        <wf.a.TimingAction plugin="workflow-api@1336.vee415d95c521">
          <startTime>1736516053426</startTime>
        </wf.a.TimingAction>
        <wf.a.ErrorAction plugin="workflow-api@1336.vee415d95c521">
          <error class="hudson.remoting.ProxyException">
            <detailMessage>java.nio.file.NoSuchFileException: /var/lib/jenkins/workspace/job-filRouge-completed@2/Dockerfile</detailMessage>
            <stackTrace>
              <trace reference="../../../../../../../entry[19]/Tag/actions/wf.a.ErrorAction/error/stackTrace/trace"/>
              <trace reference="../../../../../../../entry[19]/Tag/actions/wf.a.ErrorAction/error/stackTrace/trace[2]"/>
              <trace reference="../../../../../../../entry[19]/Tag/actions/wf.a.ErrorAction/error/stackTrace/trace[3]"/>
              <trace reference="../../../../../../../entry[19]/Tag/actions/wf.a.ErrorAction/error/stackTrace/trace[4]"/>
              <trace reference="../../../../../../../entry[19]/Tag/actions/wf.a.ErrorAction/error/stackTrace/trace[5]"/>
              <trace reference="../../../../../../../entry[19]/Tag/actions/wf.a.ErrorAction/error/stackTrace/trace[6]"/>
              <trace reference="../../../../../../../entry[19]/Tag/actions/wf.a.ErrorAction/error/stackTrace/trace[7]"/>
              <trace reference="../../../../../../../entry[19]/Tag/actions/wf.a.ErrorAction/error/stackTrace/trace[8]"/>
              <trace reference="../../../../../../../entry[19]/Tag/actions/wf.a.ErrorAction/error/stackTrace/trace[9]"/>
              <trace reference="../../../../../../../entry[19]/Tag/actions/wf.a.ErrorAction/error/stackTrace/trace[10]"/>
              <trace reference="../../../../../../../entry[19]/Tag/actions/wf.a.ErrorAction/error/stackTrace/trace[11]"/>
              <trace reference="../../../../../../../entry[19]/Tag/actions/wf.a.ErrorAction/error/stackTrace/trace[12]"/>
              <trace reference="../../../../../../../entry[19]/Tag/actions/wf.a.ErrorAction/error/stackTrace/trace[13]"/>
              <trace reference="../../../../../../../entry[19]/Tag/actions/wf.a.ErrorAction/error/stackTrace/trace[14]"/>
              <trace reference="../../../../../../../entry[19]/Tag/actions/wf.a.ErrorAction/error/stackTrace/trace[15]"/>
              <trace reference="../../../../../../../entry[19]/Tag/actions/wf.a.ErrorAction/error/stackTrace/trace[16]"/>
              <trace reference="../../../../../../../entry[19]/Tag/actions/wf.a.ErrorAction/error/stackTrace/trace[17]"/>
              <trace reference="../../../../../../../entry[19]/Tag/actions/wf.a.ErrorAction/error/stackTrace/trace[18]"/>
              <trace reference="../../../../../../../entry[19]/Tag/actions/wf.a.ErrorAction/error/stackTrace/trace[19]"/>
              <trace reference="../../../../../../../entry[19]/Tag/actions/wf.a.ErrorAction/error/stackTrace/trace[20]"/>
            </stackTrace>
            <suppressedExceptions>
              <hudson.remoting.ProxyException>
                <detailMessage>org.jenkinsci.plugins.workflow.actions.ErrorAction$ErrorId: b4147447-a599-4faf-83c3-d6eecae422b3</detailMessage>
                <stackTrace/>
                <suppressedExceptions class="empty-list"/>
              </hudson.remoting.ProxyException>
            </suppressedExceptions>
          </error>
        </wf.a.ErrorAction>
      </actions>
    </Tag>
  </entry>
  <entry>
    <string>27</string>
    <Tag plugin="workflow-support@936.v9fa_77211ca_e1">
      <node class="cps.n.StepEndNode" plugin="workflow-cps@4007.vd705fc76a_34e">
        <parentIds>
          <string>26</string>
        </parentIds>
        <id>27</id>
        <startId>11</startId>
      </node>
      <actions>
        <wf.a.BodyInvocationAction plugin="workflow-api@1336.vee415d95c521"/>
        <wf.a.TimingAction plugin="workflow-api@1336.vee415d95c521">
          <startTime>1736516053482</startTime>
        </wf.a.TimingAction>
        <wf.a.ErrorAction plugin="workflow-api@1336.vee415d95c521">
          <error class="hudson.remoting.ProxyException">
            <detailMessage>java.nio.file.NoSuchFileException: /var/lib/jenkins/workspace/job-filRouge-completed@2/Dockerfile</detailMessage>
            <stackTrace>
              <trace reference="../../../../../../../entry[19]/Tag/actions/wf.a.ErrorAction/error/stackTrace/trace"/>
              <trace reference="../../../../../../../entry[19]/Tag/actions/wf.a.ErrorAction/error/stackTrace/trace[2]"/>
              <trace reference="../../../../../../../entry[19]/Tag/actions/wf.a.ErrorAction/error/stackTrace/trace[3]"/>
              <trace reference="../../../../../../../entry[19]/Tag/actions/wf.a.ErrorAction/error/stackTrace/trace[4]"/>
              <trace reference="../../../../../../../entry[19]/Tag/actions/wf.a.ErrorAction/error/stackTrace/trace[5]"/>
              <trace reference="../../../../../../../entry[19]/Tag/actions/wf.a.ErrorAction/error/stackTrace/trace[6]"/>
              <trace reference="../../../../../../../entry[19]/Tag/actions/wf.a.ErrorAction/error/stackTrace/trace[7]"/>
              <trace reference="../../../../../../../entry[19]/Tag/actions/wf.a.ErrorAction/error/stackTrace/trace[8]"/>
              <trace reference="../../../../../../../entry[19]/Tag/actions/wf.a.ErrorAction/error/stackTrace/trace[9]"/>
              <trace reference="../../../../../../../entry[19]/Tag/actions/wf.a.ErrorAction/error/stackTrace/trace[10]"/>
              <trace reference="../../../../../../../entry[19]/Tag/actions/wf.a.ErrorAction/error/stackTrace/trace[11]"/>
              <trace reference="../../../../../../../entry[19]/Tag/actions/wf.a.ErrorAction/error/stackTrace/trace[12]"/>
              <trace reference="../../../../../../../entry[19]/Tag/actions/wf.a.ErrorAction/error/stackTrace/trace[13]"/>
              <trace reference="../../../../../../../entry[19]/Tag/actions/wf.a.ErrorAction/error/stackTrace/trace[14]"/>
              <trace reference="../../../../../../../entry[19]/Tag/actions/wf.a.ErrorAction/error/stackTrace/trace[15]"/>
              <trace reference="../../../../../../../entry[19]/Tag/actions/wf.a.ErrorAction/error/stackTrace/trace[16]"/>
              <trace reference="../../../../../../../entry[19]/Tag/actions/wf.a.ErrorAction/error/stackTrace/trace[17]"/>
              <trace reference="../../../../../../../entry[19]/Tag/actions/wf.a.ErrorAction/error/stackTrace/trace[18]"/>
              <trace reference="../../../../../../../entry[19]/Tag/actions/wf.a.ErrorAction/error/stackTrace/trace[19]"/>
              <trace reference="../../../../../../../entry[19]/Tag/actions/wf.a.ErrorAction/error/stackTrace/trace[20]"/>
            </stackTrace>
            <suppressedExceptions>
              <hudson.remoting.ProxyException>
                <detailMessage>org.jenkinsci.plugins.workflow.actions.ErrorAction$ErrorId: b4147447-a599-4faf-83c3-d6eecae422b3</detailMessage>
                <stackTrace/>
                <suppressedExceptions class="empty-list"/>
              </hudson.remoting.ProxyException>
            </suppressedExceptions>
          </error>
        </wf.a.ErrorAction>
      </actions>
    </Tag>
  </entry>
  <entry>
    <string>28</string>
    <Tag plugin="workflow-support@936.v9fa_77211ca_e1">
      <node class="cps.n.StepEndNode" plugin="workflow-cps@4007.vd705fc76a_34e">
        <parentIds>
          <string>27</string>
        </parentIds>
        <id>28</id>
        <startId>10</startId>
      </node>
      <actions>
        <wf.a.TimingAction plugin="workflow-api@1336.vee415d95c521">
          <startTime>1736516053585</startTime>
        </wf.a.TimingAction>
        <wf.a.ErrorAction plugin="workflow-api@1336.vee415d95c521">
          <error class="hudson.remoting.ProxyException">
            <detailMessage>java.nio.file.NoSuchFileException: /var/lib/jenkins/workspace/job-filRouge-completed@2/Dockerfile</detailMessage>
            <stackTrace>
              <trace reference="../../../../../../../entry[19]/Tag/actions/wf.a.ErrorAction/error/stackTrace/trace"/>
              <trace reference="../../../../../../../entry[19]/Tag/actions/wf.a.ErrorAction/error/stackTrace/trace[2]"/>
              <trace reference="../../../../../../../entry[19]/Tag/actions/wf.a.ErrorAction/error/stackTrace/trace[3]"/>
              <trace reference="../../../../../../../entry[19]/Tag/actions/wf.a.ErrorAction/error/stackTrace/trace[4]"/>
              <trace reference="../../../../../../../entry[19]/Tag/actions/wf.a.ErrorAction/error/stackTrace/trace[5]"/>
              <trace reference="../../../../../../../entry[19]/Tag/actions/wf.a.ErrorAction/error/stackTrace/trace[6]"/>
              <trace reference="../../../../../../../entry[19]/Tag/actions/wf.a.ErrorAction/error/stackTrace/trace[7]"/>
              <trace reference="../../../../../../../entry[19]/Tag/actions/wf.a.ErrorAction/error/stackTrace/trace[8]"/>
              <trace reference="../../../../../../../entry[19]/Tag/actions/wf.a.ErrorAction/error/stackTrace/trace[9]"/>
              <trace reference="../../../../../../../entry[19]/Tag/actions/wf.a.ErrorAction/error/stackTrace/trace[10]"/>
              <trace reference="../../../../../../../entry[19]/Tag/actions/wf.a.ErrorAction/error/stackTrace/trace[11]"/>
              <trace reference="../../../../../../../entry[19]/Tag/actions/wf.a.ErrorAction/error/stackTrace/trace[12]"/>
              <trace reference="../../../../../../../entry[19]/Tag/actions/wf.a.ErrorAction/error/stackTrace/trace[13]"/>
              <trace reference="../../../../../../../entry[19]/Tag/actions/wf.a.ErrorAction/error/stackTrace/trace[14]"/>
              <trace reference="../../../../../../../entry[19]/Tag/actions/wf.a.ErrorAction/error/stackTrace/trace[15]"/>
              <trace reference="../../../../../../../entry[19]/Tag/actions/wf.a.ErrorAction/error/stackTrace/trace[16]"/>
              <trace reference="../../../../../../../entry[19]/Tag/actions/wf.a.ErrorAction/error/stackTrace/trace[17]"/>
              <trace reference="../../../../../../../entry[19]/Tag/actions/wf.a.ErrorAction/error/stackTrace/trace[18]"/>
              <trace reference="../../../../../../../entry[19]/Tag/actions/wf.a.ErrorAction/error/stackTrace/trace[19]"/>
              <trace reference="../../../../../../../entry[19]/Tag/actions/wf.a.ErrorAction/error/stackTrace/trace[20]"/>
            </stackTrace>
            <suppressedExceptions>
              <hudson.remoting.ProxyException>
                <detailMessage>org.jenkinsci.plugins.workflow.actions.ErrorAction$ErrorId: b4147447-a599-4faf-83c3-d6eecae422b3</detailMessage>
                <stackTrace/>
                <suppressedExceptions class="empty-list"/>
              </hudson.remoting.ProxyException>
            </suppressedExceptions>
          </error>
        </wf.a.ErrorAction>
      </actions>
    </Tag>
  </entry>
  <entry>
    <string>29</string>
    <Tag plugin="workflow-support@936.v9fa_77211ca_e1">
      <node class="cps.n.StepEndNode" plugin="workflow-cps@4007.vd705fc76a_34e">
        <parentIds>
          <string>28</string>
        </parentIds>
        <id>29</id>
        <startId>4</startId>
      </node>
      <actions>
        <wf.a.BodyInvocationAction plugin="workflow-api@1336.vee415d95c521"/>
        <wf.a.TimingAction plugin="workflow-api@1336.vee415d95c521">
          <startTime>1736516053641</startTime>
        </wf.a.TimingAction>
        <wf.a.ErrorAction plugin="workflow-api@1336.vee415d95c521">
          <error class="hudson.remoting.ProxyException">
            <detailMessage>java.nio.file.NoSuchFileException: /var/lib/jenkins/workspace/job-filRouge-completed@2/Dockerfile</detailMessage>
            <stackTrace>
              <trace reference="../../../../../../../entry[19]/Tag/actions/wf.a.ErrorAction/error/stackTrace/trace"/>
              <trace reference="../../../../../../../entry[19]/Tag/actions/wf.a.ErrorAction/error/stackTrace/trace[2]"/>
              <trace reference="../../../../../../../entry[19]/Tag/actions/wf.a.ErrorAction/error/stackTrace/trace[3]"/>
              <trace reference="../../../../../../../entry[19]/Tag/actions/wf.a.ErrorAction/error/stackTrace/trace[4]"/>
              <trace reference="../../../../../../../entry[19]/Tag/actions/wf.a.ErrorAction/error/stackTrace/trace[5]"/>
              <trace reference="../../../../../../../entry[19]/Tag/actions/wf.a.ErrorAction/error/stackTrace/trace[6]"/>
              <trace reference="../../../../../../../entry[19]/Tag/actions/wf.a.ErrorAction/error/stackTrace/trace[7]"/>
              <trace reference="../../../../../../../entry[19]/Tag/actions/wf.a.ErrorAction/error/stackTrace/trace[8]"/>
              <trace reference="../../../../../../../entry[19]/Tag/actions/wf.a.ErrorAction/error/stackTrace/trace[9]"/>
              <trace reference="../../../../../../../entry[19]/Tag/actions/wf.a.ErrorAction/error/stackTrace/trace[10]"/>
              <trace reference="../../../../../../../entry[19]/Tag/actions/wf.a.ErrorAction/error/stackTrace/trace[11]"/>
              <trace reference="../../../../../../../entry[19]/Tag/actions/wf.a.ErrorAction/error/stackTrace/trace[12]"/>
              <trace reference="../../../../../../../entry[19]/Tag/actions/wf.a.ErrorAction/error/stackTrace/trace[13]"/>
              <trace reference="../../../../../../../entry[19]/Tag/actions/wf.a.ErrorAction/error/stackTrace/trace[14]"/>
              <trace reference="../../../../../../../entry[19]/Tag/actions/wf.a.ErrorAction/error/stackTrace/trace[15]"/>
              <trace reference="../../../../../../../entry[19]/Tag/actions/wf.a.ErrorAction/error/stackTrace/trace[16]"/>
              <trace reference="../../../../../../../entry[19]/Tag/actions/wf.a.ErrorAction/error/stackTrace/trace[17]"/>
              <trace reference="../../../../../../../entry[19]/Tag/actions/wf.a.ErrorAction/error/stackTrace/trace[18]"/>
              <trace reference="../../../../../../../entry[19]/Tag/actions/wf.a.ErrorAction/error/stackTrace/trace[19]"/>
              <trace reference="../../../../../../../entry[19]/Tag/actions/wf.a.ErrorAction/error/stackTrace/trace[20]"/>
            </stackTrace>
            <suppressedExceptions>
              <hudson.remoting.ProxyException>
                <detailMessage>org.jenkinsci.plugins.workflow.actions.ErrorAction$ErrorId: b4147447-a599-4faf-83c3-d6eecae422b3</detailMessage>
                <stackTrace/>
                <suppressedExceptions class="empty-list"/>
              </hudson.remoting.ProxyException>
            </suppressedExceptions>
          </error>
        </wf.a.ErrorAction>
      </actions>
    </Tag>
  </entry>
  <entry>
    <string>30</string>
    <Tag plugin="workflow-support@936.v9fa_77211ca_e1">
      <node class="cps.n.StepEndNode" plugin="workflow-cps@4007.vd705fc76a_34e">
        <parentIds>
          <string>29</string>
        </parentIds>
        <id>30</id>
        <startId>3</startId>
      </node>
      <actions>
        <wf.a.TimingAction plugin="workflow-api@1336.vee415d95c521">
          <startTime>1736516053729</startTime>
        </wf.a.TimingAction>
        <wf.a.ErrorAction plugin="workflow-api@1336.vee415d95c521">
          <error class="hudson.remoting.ProxyException">
            <detailMessage>java.nio.file.NoSuchFileException: /var/lib/jenkins/workspace/job-filRouge-completed@2/Dockerfile</detailMessage>
            <stackTrace>
              <trace reference="../../../../../../../entry[19]/Tag/actions/wf.a.ErrorAction/error/stackTrace/trace"/>
              <trace reference="../../../../../../../entry[19]/Tag/actions/wf.a.ErrorAction/error/stackTrace/trace[2]"/>
              <trace reference="../../../../../../../entry[19]/Tag/actions/wf.a.ErrorAction/error/stackTrace/trace[3]"/>
              <trace reference="../../../../../../../entry[19]/Tag/actions/wf.a.ErrorAction/error/stackTrace/trace[4]"/>
              <trace reference="../../../../../../../entry[19]/Tag/actions/wf.a.ErrorAction/error/stackTrace/trace[5]"/>
              <trace reference="../../../../../../../entry[19]/Tag/actions/wf.a.ErrorAction/error/stackTrace/trace[6]"/>
              <trace reference="../../../../../../../entry[19]/Tag/actions/wf.a.ErrorAction/error/stackTrace/trace[7]"/>
              <trace reference="../../../../../../../entry[19]/Tag/actions/wf.a.ErrorAction/error/stackTrace/trace[8]"/>
              <trace reference="../../../../../../../entry[19]/Tag/actions/wf.a.ErrorAction/error/stackTrace/trace[9]"/>
              <trace reference="../../../../../../../entry[19]/Tag/actions/wf.a.ErrorAction/error/stackTrace/trace[10]"/>
              <trace reference="../../../../../../../entry[19]/Tag/actions/wf.a.ErrorAction/error/stackTrace/trace[11]"/>
              <trace reference="../../../../../../../entry[19]/Tag/actions/wf.a.ErrorAction/error/stackTrace/trace[12]"/>
              <trace reference="../../../../../../../entry[19]/Tag/actions/wf.a.ErrorAction/error/stackTrace/trace[13]"/>
              <trace reference="../../../../../../../entry[19]/Tag/actions/wf.a.ErrorAction/error/stackTrace/trace[14]"/>
              <trace reference="../../../../../../../entry[19]/Tag/actions/wf.a.ErrorAction/error/stackTrace/trace[15]"/>
              <trace reference="../../../../../../../entry[19]/Tag/actions/wf.a.ErrorAction/error/stackTrace/trace[16]"/>
              <trace reference="../../../../../../../entry[19]/Tag/actions/wf.a.ErrorAction/error/stackTrace/trace[17]"/>
              <trace reference="../../../../../../../entry[19]/Tag/actions/wf.a.ErrorAction/error/stackTrace/trace[18]"/>
              <trace reference="../../../../../../../entry[19]/Tag/actions/wf.a.ErrorAction/error/stackTrace/trace[19]"/>
              <trace reference="../../../../../../../entry[19]/Tag/actions/wf.a.ErrorAction/error/stackTrace/trace[20]"/>
            </stackTrace>
            <suppressedExceptions>
              <hudson.remoting.ProxyException>
                <detailMessage>org.jenkinsci.plugins.workflow.actions.ErrorAction$ErrorId: b4147447-a599-4faf-83c3-d6eecae422b3</detailMessage>
                <stackTrace/>
                <suppressedExceptions class="empty-list"/>
              </hudson.remoting.ProxyException>
            </suppressedExceptions>
          </error>
        </wf.a.ErrorAction>
        <wf.a.ErrorAction plugin="workflow-api@1336.vee415d95c521">
          <error class="hudson.remoting.ProxyException">
            <detailMessage>java.nio.file.NoSuchFileException: /var/lib/jenkins/workspace/job-filRouge-completed@2/Dockerfile</detailMessage>
            <stackTrace>
              <trace reference="../../../../../../../entry[19]/Tag/actions/wf.a.ErrorAction/error/stackTrace/trace"/>
              <trace reference="../../../../../../../entry[19]/Tag/actions/wf.a.ErrorAction/error/stackTrace/trace[2]"/>
              <trace reference="../../../../../../../entry[19]/Tag/actions/wf.a.ErrorAction/error/stackTrace/trace[3]"/>
              <trace reference="../../../../../../../entry[19]/Tag/actions/wf.a.ErrorAction/error/stackTrace/trace[4]"/>
              <trace reference="../../../../../../../entry[19]/Tag/actions/wf.a.ErrorAction/error/stackTrace/trace[5]"/>
              <trace reference="../../../../../../../entry[19]/Tag/actions/wf.a.ErrorAction/error/stackTrace/trace[6]"/>
              <trace reference="../../../../../../../entry[19]/Tag/actions/wf.a.ErrorAction/error/stackTrace/trace[7]"/>
              <trace reference="../../../../../../../entry[19]/Tag/actions/wf.a.ErrorAction/error/stackTrace/trace[8]"/>
              <trace reference="../../../../../../../entry[19]/Tag/actions/wf.a.ErrorAction/error/stackTrace/trace[9]"/>
              <trace reference="../../../../../../../entry[19]/Tag/actions/wf.a.ErrorAction/error/stackTrace/trace[10]"/>
              <trace reference="../../../../../../../entry[19]/Tag/actions/wf.a.ErrorAction/error/stackTrace/trace[11]"/>
              <trace reference="../../../../../../../entry[19]/Tag/actions/wf.a.ErrorAction/error/stackTrace/trace[12]"/>
              <trace reference="../../../../../../../entry[19]/Tag/actions/wf.a.ErrorAction/error/stackTrace/trace[13]"/>
              <trace reference="../../../../../../../entry[19]/Tag/actions/wf.a.ErrorAction/error/stackTrace/trace[14]"/>
              <trace reference="../../../../../../../entry[19]/Tag/actions/wf.a.ErrorAction/error/stackTrace/trace[15]"/>
              <trace reference="../../../../../../../entry[19]/Tag/actions/wf.a.ErrorAction/error/stackTrace/trace[16]"/>
              <trace reference="../../../../../../../entry[19]/Tag/actions/wf.a.ErrorAction/error/stackTrace/trace[17]"/>
              <trace reference="../../../../../../../entry[19]/Tag/actions/wf.a.ErrorAction/error/stackTrace/trace[18]"/>
              <trace reference="../../../../../../../entry[19]/Tag/actions/wf.a.ErrorAction/error/stackTrace/trace[19]"/>
              <trace reference="../../../../../../../entry[19]/Tag/actions/wf.a.ErrorAction/error/stackTrace/trace[20]"/>
            </stackTrace>
            <suppressedExceptions>
              <hudson.remoting.ProxyException>
                <detailMessage>org.jenkinsci.plugins.workflow.actions.ErrorAction$ErrorId: b4147447-a599-4faf-83c3-d6eecae422b3</detailMessage>
                <stackTrace/>
                <suppressedExceptions class="empty-list"/>
              </hudson.remoting.ProxyException>
            </suppressedExceptions>
          </error>
        </wf.a.ErrorAction>
      </actions>
    </Tag>
  </entry>
  <entry>
    <string>31</string>
    <Tag plugin="workflow-support@936.v9fa_77211ca_e1">
      <node class="org.jenkinsci.plugins.workflow.graph.FlowEndNode" plugin="workflow-api@1336.vee415d95c521">
        <parentIds>
          <string>30</string>
        </parentIds>
        <id>31</id>
        <startId>2</startId>
        <result>
          <name>FAILURE</name>
          <ordinal>2</ordinal>
          <color>RED</color>
          <completeBuild>true</completeBuild>
        </result>
      </node>
      <actions>
        <wf.a.ErrorAction plugin="workflow-api@1336.vee415d95c521">
          <error class="hudson.remoting.ProxyException">
            <detailMessage>java.nio.file.NoSuchFileException: /var/lib/jenkins/workspace/job-filRouge-completed@2/Dockerfile</detailMessage>
            <stackTrace>
              <trace reference="../../../../../../../entry[19]/Tag/actions/wf.a.ErrorAction/error/stackTrace/trace"/>
              <trace reference="../../../../../../../entry[19]/Tag/actions/wf.a.ErrorAction/error/stackTrace/trace[2]"/>
              <trace reference="../../../../../../../entry[19]/Tag/actions/wf.a.ErrorAction/error/stackTrace/trace[3]"/>
              <trace reference="../../../../../../../entry[19]/Tag/actions/wf.a.ErrorAction/error/stackTrace/trace[4]"/>
              <trace reference="../../../../../../../entry[19]/Tag/actions/wf.a.ErrorAction/error/stackTrace/trace[5]"/>
              <trace reference="../../../../../../../entry[19]/Tag/actions/wf.a.ErrorAction/error/stackTrace/trace[6]"/>
              <trace reference="../../../../../../../entry[19]/Tag/actions/wf.a.ErrorAction/error/stackTrace/trace[7]"/>
              <trace reference="../../../../../../../entry[19]/Tag/actions/wf.a.ErrorAction/error/stackTrace/trace[8]"/>
              <trace reference="../../../../../../../entry[19]/Tag/actions/wf.a.ErrorAction/error/stackTrace/trace[9]"/>
              <trace reference="../../../../../../../entry[19]/Tag/actions/wf.a.ErrorAction/error/stackTrace/trace[10]"/>
              <trace reference="../../../../../../../entry[19]/Tag/actions/wf.a.ErrorAction/error/stackTrace/trace[11]"/>
              <trace reference="../../../../../../../entry[19]/Tag/actions/wf.a.ErrorAction/error/stackTrace/trace[12]"/>
              <trace reference="../../../../../../../entry[19]/Tag/actions/wf.a.ErrorAction/error/stackTrace/trace[13]"/>
              <trace reference="../../../../../../../entry[19]/Tag/actions/wf.a.ErrorAction/error/stackTrace/trace[14]"/>
              <trace reference="../../../../../../../entry[19]/Tag/actions/wf.a.ErrorAction/error/stackTrace/trace[15]"/>
              <trace reference="../../../../../../../entry[19]/Tag/actions/wf.a.ErrorAction/error/stackTrace/trace[16]"/>
              <trace reference="../../../../../../../entry[19]/Tag/actions/wf.a.ErrorAction/error/stackTrace/trace[17]"/>
              <trace reference="../../../../../../../entry[19]/Tag/actions/wf.a.ErrorAction/error/stackTrace/trace[18]"/>
              <trace reference="../../../../../../../entry[19]/Tag/actions/wf.a.ErrorAction/error/stackTrace/trace[19]"/>
              <trace reference="../../../../../../../entry[19]/Tag/actions/wf.a.ErrorAction/error/stackTrace/trace[20]"/>
            </stackTrace>
            <suppressedExceptions>
              <hudson.remoting.ProxyException>
                <detailMessage>org.jenkinsci.plugins.workflow.actions.ErrorAction$ErrorId: b4147447-a599-4faf-83c3-d6eecae422b3</detailMessage>
                <stackTrace/>
                <suppressedExceptions class="empty-list"/>
              </hudson.remoting.ProxyException>
            </suppressedExceptions>
          </error>
        </wf.a.ErrorAction>
        <wf.a.TimingAction plugin="workflow-api@1336.vee415d95c521">
          <startTime>1736516053793</startTime>
        </wf.a.TimingAction>
      </actions>
    </Tag>
  </entry>
</linked-hash-map>