<?xml version='1.1' encoding='UTF-8'?>
<jenkins.branch.MultiBranchProject_-State plugin="branch-api@2.1206.vd9f35001c95c">
  <sourceActions>
    <entry>
      <string>9dc91c29-bb34-44c5-8986-95d263ba50d2</string>
      <list>
        <jenkins.plugins.git.GitRemoteHeadRefAction plugin="git@5.7.0">
          <remote>https://github.com/agndiaye001/Gitbash.git</remote>
          <name>master</name>
        </jenkins.plugins.git.GitRemoteHeadRefAction>
      </list>
    </entry>
  </sourceActions>
</jenkins.branch.MultiBranchProject_-State>