<?xml version='1.1' encoding='UTF-8'?>
<jenkins.branch.MultiBranchProject_-State plugin="branch-api@2.1206.vd9f35001c95c">
  <sourceActions>
    <entry>
      <string>8ae02447-0172-4037-bf53-edb0554220f5</string>
      <list>
        <jenkins.plugins.git.GitRemoteHeadRefAction plugin="git@5.7.0">
          <remote>https://github.com/agndiaye001/FilRouge.git</remote>
          <name>backend</name>
        </jenkins.plugins.git.GitRemoteHeadRefAction>
      </list>
    </entry>
  </sourceActions>
</jenkins.branch.MultiBranchProject_-State>