<?xml version="1.1" encoding="UTF-8"?>
<linked-hash-map>
  <entry>
    <string>2</string>
    <Tag plugin="workflow-support@936.v9fa_77211ca_e1">
      <node class="org.jenkinsci.plugins.workflow.graph.FlowStartNode" plugin="workflow-api@1336.vee415d95c521">
        <parentIds/>
        <id>2</id>
      </node>
      <actions>
        <wf.a.TimingAction plugin="workflow-api@1336.vee415d95c521">
          <startTime>1737371118891</startTime>
        </wf.a.TimingAction>
      </actions>
    </Tag>
  </entry>
  <entry>
    <string>3</string>
    <Tag plugin="workflow-support@936.v9fa_77211ca_e1">
      <node class="cps.n.StepStartNode" plugin="workflow-cps@4007.vd705fc76a_34e">
        <parentIds>
          <string>2</string>
        </parentIds>
        <id>3</id>
        <descriptorId>org.jenkinsci.plugins.workflow.support.steps.ExecutorStep</descriptorId>
      </node>
      <actions>
        <s.a.LogStorageAction/>
        <wf.a.TimingAction plugin="workflow-api@1336.vee415d95c521">
          <startTime>1737371119433</startTime>
        </wf.a.TimingAction>
        <org.jenkinsci.plugins.workflow.support.steps.ExecutorStepExecution_-QueueItemActionImpl plugin="workflow-durable-task-step@1398.vf6c9e89e5988">
          <id>14</id>
        </org.jenkinsci.plugins.workflow.support.steps.ExecutorStepExecution_-QueueItemActionImpl>
        <s.a.WorkspaceActionImpl>
          <node></node>
          <path>/var/lib/jenkins/workspace/job-filRouge-completed</path>
          <labels class="sorted-set"/>
        </s.a.WorkspaceActionImpl>
      </actions>
    </Tag>
  </entry>
  <entry>
    <string>4</string>
    <Tag plugin="workflow-support@936.v9fa_77211ca_e1">
      <node class="cps.n.StepStartNode" plugin="workflow-cps@4007.vd705fc76a_34e">
        <parentIds>
          <string>3</string>
        </parentIds>
        <id>4</id>
        <descriptorId>org.jenkinsci.plugins.workflow.support.steps.ExecutorStep</descriptorId>
      </node>
      <actions>
        <wf.a.BodyInvocationAction plugin="workflow-api@1336.vee415d95c521"/>
        <wf.a.TimingAction plugin="workflow-api@1336.vee415d95c521">
          <startTime>1737371119517</startTime>
        </wf.a.TimingAction>
      </actions>
    </Tag>
  </entry>
  <entry>
    <string>5</string>
    <Tag plugin="workflow-support@936.v9fa_77211ca_e1">
      <node class="cps.n.StepStartNode" plugin="workflow-cps@4007.vd705fc76a_34e">
        <parentIds>
          <string>4</string>
        </parentIds>
        <id>5</id>
        <descriptorId>org.jenkinsci.plugins.workflow.support.steps.StageStep</descriptorId>
      </node>
      <actions>
        <s.a.LogStorageAction/>
        <cps.a.ArgumentsActionImpl plugin="workflow-cps@4007.vd705fc76a_34e">
          <arguments>
            <entry>
              <string>name</string>
              <string>Declarative: Checkout SCM</string>
            </entry>
          </arguments>
          <sensitiveVariables/>
          <isUnmodifiedBySanitization>true</isUnmodifiedBySanitization>
        </cps.a.ArgumentsActionImpl>
        <wf.a.TimingAction plugin="workflow-api@1336.vee415d95c521">
          <startTime>1737371119584</startTime>
        </wf.a.TimingAction>
      </actions>
    </Tag>
  </entry>
  <entry>
    <string>6</string>
    <Tag plugin="workflow-support@936.v9fa_77211ca_e1">
      <node class="cps.n.StepStartNode" plugin="workflow-cps@4007.vd705fc76a_34e">
        <parentIds>
          <string>5</string>
        </parentIds>
        <id>6</id>
        <descriptorId>org.jenkinsci.plugins.workflow.support.steps.StageStep</descriptorId>
      </node>
      <actions>
        <wf.a.BodyInvocationAction plugin="workflow-api@1336.vee415d95c521"/>
        <wf.a.LabelAction plugin="workflow-api@1336.vee415d95c521">
          <displayName>Declarative: Checkout SCM</displayName>
        </wf.a.LabelAction>
        <wf.a.TimingAction plugin="workflow-api@1336.vee415d95c521">
          <startTime>1737371119600</startTime>
        </wf.a.TimingAction>
        <wf.a.TagsAction plugin="workflow-api@1336.vee415d95c521">
          <tags>
            <entry>
              <string>SYNTHETIC_STAGE</string>
              <string>PRE</string>
            </entry>
          </tags>
        </wf.a.TagsAction>
      </actions>
    </Tag>
  </entry>
  <entry>
    <string>7</string>
    <Tag plugin="workflow-support@936.v9fa_77211ca_e1">
      <node class="cps.n.StepAtomNode" plugin="workflow-cps@4007.vd705fc76a_34e">
        <parentIds>
          <string>6</string>
        </parentIds>
        <id>7</id>
        <descriptorId>org.jenkinsci.plugins.workflow.steps.scm.GenericSCMStep</descriptorId>
      </node>
      <actions>
        <cps.a.ArgumentsActionImpl plugin="workflow-cps@4007.vd705fc76a_34e">
          <arguments>
            <entry>
              <string>scm</string>
              <org.jenkinsci.plugins.structs.describable.UninstantiatedDescribable plugin="structs@338.v848422169819">
                <symbol>scmGit</symbol>
                <arguments class="tree-map">
                  <entry>
                    <string>branches</string>
                    <list>
                      <org.jenkinsci.plugins.structs.describable.UninstantiatedDescribable>
                        <arguments class="tree-map">
                          <entry>
                            <string>name</string>
                            <string>*/prod</string>
                          </entry>
                        </arguments>
                        <model resolves-to="org.jenkinsci.plugins.structs.describable.DescribableModel$SerializedForm">
                          <type>hudson.plugins.git.BranchSpec</type>
                        </model>
                      </org.jenkinsci.plugins.structs.describable.UninstantiatedDescribable>
                    </list>
                  </entry>
                  <entry>
                    <string>extensions</string>
                    <list/>
                  </entry>
                  <entry>
                    <string>userRemoteConfigs</string>
                    <list>
                      <org.jenkinsci.plugins.structs.describable.UninstantiatedDescribable>
                        <arguments class="tree-map">
                          <entry>
                            <string>credentialsId</string>
                            <string>a519e48a-7db2-4f14-b0f0-bd9c4827352d</string>
                          </entry>
                          <entry>
                            <string>url</string>
                            <string>https://github.com/agndiaye001/FilRouge.git</string>
                          </entry>
                        </arguments>
                        <model resolves-to="org.jenkinsci.plugins.structs.describable.DescribableModel$SerializedForm">
                          <type>hudson.plugins.git.UserRemoteConfig</type>
                        </model>
                      </org.jenkinsci.plugins.structs.describable.UninstantiatedDescribable>
                    </list>
                  </entry>
                </arguments>
                <model resolves-to="org.jenkinsci.plugins.structs.describable.DescribableModel$SerializedForm">
                  <type>hudson.plugins.git.GitSCM</type>
                </model>
              </org.jenkinsci.plugins.structs.describable.UninstantiatedDescribable>
            </entry>
          </arguments>
          <sensitiveVariables/>
          <isUnmodifiedBySanitization>true</isUnmodifiedBySanitization>
        </cps.a.ArgumentsActionImpl>
        <wf.a.TimingAction plugin="workflow-api@1336.vee415d95c521">
          <startTime>1737371119661</startTime>
        </wf.a.TimingAction>
        <s.a.LogStorageAction/>
      </actions>
    </Tag>
  </entry>
  <entry>
    <string>8</string>
    <Tag plugin="workflow-support@936.v9fa_77211ca_e1">
      <node class="cps.n.StepEndNode" plugin="workflow-cps@4007.vd705fc76a_34e">
        <parentIds>
          <string>7</string>
        </parentIds>
        <id>8</id>
        <startId>6</startId>
      </node>
      <actions>
        <wf.a.BodyInvocationAction plugin="workflow-api@1336.vee415d95c521"/>
        <wf.a.TimingAction plugin="workflow-api@1336.vee415d95c521">
          <startTime>1737371120449</startTime>
        </wf.a.TimingAction>
      </actions>
    </Tag>
  </entry>
  <entry>
    <string>9</string>
    <Tag plugin="workflow-support@936.v9fa_77211ca_e1">
      <node class="cps.n.StepEndNode" plugin="workflow-cps@4007.vd705fc76a_34e">
        <parentIds>
          <string>8</string>
        </parentIds>
        <id>9</id>
        <startId>5</startId>
      </node>
      <actions>
        <wf.a.TimingAction plugin="workflow-api@1336.vee415d95c521">
          <startTime>1737371120493</startTime>
        </wf.a.TimingAction>
      </actions>
    </Tag>
  </entry>
  <entry>
    <string>10</string>
    <Tag plugin="workflow-support@936.v9fa_77211ca_e1">
      <node class="cps.n.StepStartNode" plugin="workflow-cps@4007.vd705fc76a_34e">
        <parentIds>
          <string>9</string>
        </parentIds>
        <id>10</id>
        <descriptorId>org.jenkinsci.plugins.workflow.steps.EnvStep</descriptorId>
      </node>
      <actions>
        <s.a.LogStorageAction/>
        <cps.a.ArgumentsActionImpl plugin="workflow-cps@4007.vd705fc76a_34e">
          <arguments>
            <entry>
              <string>overrides</string>
              <list>
                <string>GIT_AUTHOR_EMAIL=mamindiaye0101@gmail.com</string>
                <string>GIT_AUTHOR_NAME=agndiaye001</string>
                <string>GIT_BRANCH=origin/prod</string>
                <string>GIT_COMMIT=2a4ca5be1d5308fc4a9181a274e1ffbf2516673f</string>
                <string>GIT_COMMITTER_EMAIL=mamindiaye0101@gmail.com</string>
                <string>GIT_COMMITTER_NAME=agndiaye001</string>
                <string>GIT_PREVIOUS_COMMIT=2249597c419a2348bc577e0238865118cf15d8ed</string>
                <string>GIT_PREVIOUS_SUCCESSFUL_COMMIT=193707c9ce15f52ffcefa4f24f5894b5eda2709c</string>
                <string>GIT_URL=https://github.com/agndiaye001/FilRouge.git</string>
              </list>
            </entry>
          </arguments>
          <sensitiveVariables/>
          <isUnmodifiedBySanitization>true</isUnmodifiedBySanitization>
        </cps.a.ArgumentsActionImpl>
        <wf.a.TimingAction plugin="workflow-api@1336.vee415d95c521">
          <startTime>1737371120548</startTime>
        </wf.a.TimingAction>
      </actions>
    </Tag>
  </entry>
  <entry>
    <string>11</string>
    <Tag plugin="workflow-support@936.v9fa_77211ca_e1">
      <node class="cps.n.StepStartNode" plugin="workflow-cps@4007.vd705fc76a_34e">
        <parentIds>
          <string>10</string>
        </parentIds>
        <id>11</id>
        <descriptorId>org.jenkinsci.plugins.workflow.steps.EnvStep</descriptorId>
      </node>
      <actions>
        <wf.a.BodyInvocationAction plugin="workflow-api@1336.vee415d95c521"/>
        <wf.a.TimingAction plugin="workflow-api@1336.vee415d95c521">
          <startTime>1737371120561</startTime>
        </wf.a.TimingAction>
      </actions>
    </Tag>
  </entry>
  <entry>
    <string>12</string>
    <Tag plugin="workflow-support@936.v9fa_77211ca_e1">
      <node class="cps.n.StepStartNode" plugin="workflow-cps@4007.vd705fc76a_34e">
        <parentIds>
          <string>11</string>
        </parentIds>
        <id>12</id>
        <descriptorId>org.jenkinsci.plugins.workflow.steps.EnvStep</descriptorId>
      </node>
      <actions>
        <s.a.LogStorageAction/>
        <cps.a.ArgumentsActionImpl plugin="workflow-cps@4007.vd705fc76a_34e">
          <arguments>
            <entry>
              <string>overrides</string>
              <list>
                <string>DOCKER_COMPOSE_FILE=FilRouge/backend/docker-compose.yaml</string>
              </list>
            </entry>
          </arguments>
          <sensitiveVariables/>
          <isUnmodifiedBySanitization>true</isUnmodifiedBySanitization>
        </cps.a.ArgumentsActionImpl>
        <wf.a.TimingAction plugin="workflow-api@1336.vee415d95c521">
          <startTime>1737371120669</startTime>
        </wf.a.TimingAction>
      </actions>
    </Tag>
  </entry>
  <entry>
    <string>13</string>
    <Tag plugin="workflow-support@936.v9fa_77211ca_e1">
      <node class="cps.n.StepStartNode" plugin="workflow-cps@4007.vd705fc76a_34e">
        <parentIds>
          <string>12</string>
        </parentIds>
        <id>13</id>
        <descriptorId>org.jenkinsci.plugins.workflow.steps.EnvStep</descriptorId>
      </node>
      <actions>
        <wf.a.BodyInvocationAction plugin="workflow-api@1336.vee415d95c521"/>
        <wf.a.TimingAction plugin="workflow-api@1336.vee415d95c521">
          <startTime>1737371120692</startTime>
        </wf.a.TimingAction>
      </actions>
    </Tag>
  </entry>
  <entry>
    <string>14</string>
    <Tag plugin="workflow-support@936.v9fa_77211ca_e1">
      <node class="cps.n.StepStartNode" plugin="workflow-cps@4007.vd705fc76a_34e">
        <parentIds>
          <string>13</string>
        </parentIds>
        <id>14</id>
        <descriptorId>org.jenkinsci.plugins.workflow.support.steps.StageStep</descriptorId>
      </node>
      <actions>
        <s.a.LogStorageAction/>
        <cps.a.ArgumentsActionImpl plugin="workflow-cps@4007.vd705fc76a_34e">
          <arguments>
            <entry>
              <string>name</string>
              <string>List Files</string>
            </entry>
          </arguments>
          <sensitiveVariables/>
          <isUnmodifiedBySanitization>true</isUnmodifiedBySanitization>
        </cps.a.ArgumentsActionImpl>
        <wf.a.TimingAction plugin="workflow-api@1336.vee415d95c521">
          <startTime>1737371120827</startTime>
        </wf.a.TimingAction>
      </actions>
    </Tag>
  </entry>
  <entry>
    <string>15</string>
    <Tag plugin="workflow-support@936.v9fa_77211ca_e1">
      <node class="cps.n.StepStartNode" plugin="workflow-cps@4007.vd705fc76a_34e">
        <parentIds>
          <string>14</string>
        </parentIds>
        <id>15</id>
        <descriptorId>org.jenkinsci.plugins.workflow.support.steps.StageStep</descriptorId>
      </node>
      <actions>
        <wf.a.BodyInvocationAction plugin="workflow-api@1336.vee415d95c521"/>
        <wf.a.LabelAction plugin="workflow-api@1336.vee415d95c521">
          <displayName>List Files</displayName>
        </wf.a.LabelAction>
        <wf.a.TimingAction plugin="workflow-api@1336.vee415d95c521">
          <startTime>1737371120838</startTime>
        </wf.a.TimingAction>
      </actions>
    </Tag>
  </entry>
  <entry>
    <string>16</string>
    <Tag plugin="workflow-support@936.v9fa_77211ca_e1">
      <node class="cps.n.StepAtomNode" plugin="workflow-cps@4007.vd705fc76a_34e">
        <parentIds>
          <string>15</string>
        </parentIds>
        <id>16</id>
        <descriptorId>org.jenkinsci.plugins.workflow.steps.durable_task.ShellStep</descriptorId>
      </node>
      <actions>
        <cps.a.ArgumentsActionImpl plugin="workflow-cps@4007.vd705fc76a_34e">
          <arguments>
            <entry>
              <string>script</string>
              <string>ls -la FilRouge/backend</string>
            </entry>
          </arguments>
          <sensitiveVariables/>
          <isUnmodifiedBySanitization>true</isUnmodifiedBySanitization>
        </cps.a.ArgumentsActionImpl>
        <wf.a.TimingAction plugin="workflow-api@1336.vee415d95c521">
          <startTime>1737371120983</startTime>
        </wf.a.TimingAction>
        <s.a.LogStorageAction/>
      </actions>
    </Tag>
  </entry>
  <entry>
    <string>17</string>
    <Tag plugin="workflow-support@936.v9fa_77211ca_e1">
      <node class="cps.n.StepAtomNode" plugin="workflow-cps@4007.vd705fc76a_34e">
        <parentIds>
          <string>16</string>
        </parentIds>
        <id>17</id>
        <descriptorId>org.jenkinsci.plugins.workflow.steps.durable_task.ShellStep</descriptorId>
      </node>
      <actions>
        <cps.a.ArgumentsActionImpl plugin="workflow-cps@4007.vd705fc76a_34e">
          <arguments>
            <entry>
              <string>script</string>
              <string>cat ${DOCKER_COMPOSE_FILE} </string>
            </entry>
          </arguments>
          <sensitiveVariables/>
          <isUnmodifiedBySanitization>true</isUnmodifiedBySanitization>
        </cps.a.ArgumentsActionImpl>
        <wf.a.TimingAction plugin="workflow-api@1336.vee415d95c521">
          <startTime>1737371121344</startTime>
        </wf.a.TimingAction>
        <s.a.LogStorageAction/>
      </actions>
    </Tag>
  </entry>
  <entry>
    <string>18</string>
    <Tag plugin="workflow-support@936.v9fa_77211ca_e1">
      <node class="cps.n.StepEndNode" plugin="workflow-cps@4007.vd705fc76a_34e">
        <parentIds>
          <string>17</string>
        </parentIds>
        <id>18</id>
        <startId>15</startId>
      </node>
      <actions>
        <wf.a.BodyInvocationAction plugin="workflow-api@1336.vee415d95c521"/>
        <wf.a.TimingAction plugin="workflow-api@1336.vee415d95c521">
          <startTime>1737371121674</startTime>
        </wf.a.TimingAction>
      </actions>
    </Tag>
  </entry>
  <entry>
    <string>19</string>
    <Tag plugin="workflow-support@936.v9fa_77211ca_e1">
      <node class="cps.n.StepEndNode" plugin="workflow-cps@4007.vd705fc76a_34e">
        <parentIds>
          <string>18</string>
        </parentIds>
        <id>19</id>
        <startId>14</startId>
      </node>
      <actions>
        <wf.a.TimingAction plugin="workflow-api@1336.vee415d95c521">
          <startTime>1737371121742</startTime>
        </wf.a.TimingAction>
      </actions>
    </Tag>
  </entry>
  <entry>
    <string>20</string>
    <Tag plugin="workflow-support@936.v9fa_77211ca_e1">
      <node class="cps.n.StepStartNode" plugin="workflow-cps@4007.vd705fc76a_34e">
        <parentIds>
          <string>19</string>
        </parentIds>
        <id>20</id>
        <descriptorId>org.jenkinsci.plugins.workflow.support.steps.StageStep</descriptorId>
      </node>
      <actions>
        <s.a.LogStorageAction/>
        <cps.a.ArgumentsActionImpl plugin="workflow-cps@4007.vd705fc76a_34e">
          <arguments>
            <entry>
              <string>name</string>
              <string>Build Docker Compose</string>
            </entry>
          </arguments>
          <sensitiveVariables/>
          <isUnmodifiedBySanitization>true</isUnmodifiedBySanitization>
        </cps.a.ArgumentsActionImpl>
        <wf.a.TimingAction plugin="workflow-api@1336.vee415d95c521">
          <startTime>1737371121833</startTime>
        </wf.a.TimingAction>
      </actions>
    </Tag>
  </entry>
  <entry>
    <string>21</string>
    <Tag plugin="workflow-support@936.v9fa_77211ca_e1">
      <node class="cps.n.StepStartNode" plugin="workflow-cps@4007.vd705fc76a_34e">
        <parentIds>
          <string>20</string>
        </parentIds>
        <id>21</id>
        <descriptorId>org.jenkinsci.plugins.workflow.support.steps.StageStep</descriptorId>
      </node>
      <actions>
        <wf.a.BodyInvocationAction plugin="workflow-api@1336.vee415d95c521"/>
        <wf.a.LabelAction plugin="workflow-api@1336.vee415d95c521">
          <displayName>Build Docker Compose</displayName>
        </wf.a.LabelAction>
        <wf.a.TimingAction plugin="workflow-api@1336.vee415d95c521">
          <startTime>1737371121863</startTime>
        </wf.a.TimingAction>
      </actions>
    </Tag>
  </entry>
  <entry>
    <string>22</string>
    <Tag plugin="workflow-support@936.v9fa_77211ca_e1">
      <node class="cps.n.StepStartNode" plugin="workflow-cps@4007.vd705fc76a_34e">
        <parentIds>
          <string>21</string>
        </parentIds>
        <id>22</id>
        <descriptorId>org.jenkinsci.plugins.pipeline.modeldefinition.steps.ScriptStep</descriptorId>
      </node>
      <actions>
        <s.a.LogStorageAction/>
        <wf.a.TimingAction plugin="workflow-api@1336.vee415d95c521">
          <startTime>1737371122013</startTime>
        </wf.a.TimingAction>
      </actions>
    </Tag>
  </entry>
  <entry>
    <string>23</string>
    <Tag plugin="workflow-support@936.v9fa_77211ca_e1">
      <node class="cps.n.StepStartNode" plugin="workflow-cps@4007.vd705fc76a_34e">
        <parentIds>
          <string>22</string>
        </parentIds>
        <id>23</id>
        <descriptorId>org.jenkinsci.plugins.pipeline.modeldefinition.steps.ScriptStep</descriptorId>
      </node>
      <actions>
        <wf.a.BodyInvocationAction plugin="workflow-api@1336.vee415d95c521"/>
        <wf.a.TimingAction plugin="workflow-api@1336.vee415d95c521">
          <startTime>1737371122035</startTime>
        </wf.a.TimingAction>
      </actions>
    </Tag>
  </entry>
  <entry>
    <string>24</string>
    <Tag plugin="workflow-support@936.v9fa_77211ca_e1">
      <node class="cps.n.StepAtomNode" plugin="workflow-cps@4007.vd705fc76a_34e">
        <parentIds>
          <string>23</string>
        </parentIds>
        <id>24</id>
        <descriptorId>org.jenkinsci.plugins.workflow.steps.FileExistsStep</descriptorId>
      </node>
      <actions>
        <cps.a.ArgumentsActionImpl plugin="workflow-cps@4007.vd705fc76a_34e">
          <arguments>
            <entry>
              <string>file</string>
              <string>FilRouge/backend</string>
            </entry>
          </arguments>
          <sensitiveVariables/>
          <isUnmodifiedBySanitization>true</isUnmodifiedBySanitization>
        </cps.a.ArgumentsActionImpl>
        <wf.a.TimingAction plugin="workflow-api@1336.vee415d95c521">
          <startTime>1737371122133</startTime>
        </wf.a.TimingAction>
        <s.a.LogStorageAction/>
      </actions>
    </Tag>
  </entry>
  <entry>
    <string>25</string>
    <Tag plugin="workflow-support@936.v9fa_77211ca_e1">
      <node class="cps.n.StepAtomNode" plugin="workflow-cps@4007.vd705fc76a_34e">
        <parentIds>
          <string>24</string>
        </parentIds>
        <id>25</id>
        <descriptorId>org.jenkinsci.plugins.workflow.steps.durable_task.ShellStep</descriptorId>
      </node>
      <actions>
        <cps.a.ArgumentsActionImpl plugin="workflow-cps@4007.vd705fc76a_34e">
          <arguments>
            <entry>
              <string>script</string>
              <string>docker compose -f ${DOCKER_COMPOSE_FILE} up --build -d</string>
            </entry>
          </arguments>
          <sensitiveVariables/>
          <isUnmodifiedBySanitization>true</isUnmodifiedBySanitization>
        </cps.a.ArgumentsActionImpl>
        <wf.a.TimingAction plugin="workflow-api@1336.vee415d95c521">
          <startTime>1737371122228</startTime>
        </wf.a.TimingAction>
        <s.a.LogStorageAction/>
      </actions>
    </Tag>
  </entry>
  <entry>
    <string>26</string>
    <Tag plugin="workflow-support@936.v9fa_77211ca_e1">
      <node class="cps.n.StepEndNode" plugin="workflow-cps@4007.vd705fc76a_34e">
        <parentIds>
          <string>25</string>
        </parentIds>
        <id>26</id>
        <startId>23</startId>
      </node>
      <actions>
        <wf.a.BodyInvocationAction plugin="workflow-api@1336.vee415d95c521"/>
        <wf.a.TimingAction plugin="workflow-api@1336.vee415d95c521">
          <startTime>1737371138905</startTime>
        </wf.a.TimingAction>
      </actions>
    </Tag>
  </entry>
  <entry>
    <string>27</string>
    <Tag plugin="workflow-support@936.v9fa_77211ca_e1">
      <node class="cps.n.StepEndNode" plugin="workflow-cps@4007.vd705fc76a_34e">
        <parentIds>
          <string>26</string>
        </parentIds>
        <id>27</id>
        <startId>22</startId>
      </node>
      <actions>
        <wf.a.TimingAction plugin="workflow-api@1336.vee415d95c521">
          <startTime>1737371138957</startTime>
        </wf.a.TimingAction>
      </actions>
    </Tag>
  </entry>
  <entry>
    <string>28</string>
    <Tag plugin="workflow-support@936.v9fa_77211ca_e1">
      <node class="cps.n.StepEndNode" plugin="workflow-cps@4007.vd705fc76a_34e">
        <parentIds>
          <string>27</string>
        </parentIds>
        <id>28</id>
        <startId>21</startId>
      </node>
      <actions>
        <wf.a.BodyInvocationAction plugin="workflow-api@1336.vee415d95c521"/>
        <wf.a.TimingAction plugin="workflow-api@1336.vee415d95c521">
          <startTime>1737371138993</startTime>
        </wf.a.TimingAction>
      </actions>
    </Tag>
  </entry>
  <entry>
    <string>29</string>
    <Tag plugin="workflow-support@936.v9fa_77211ca_e1">
      <node class="cps.n.StepEndNode" plugin="workflow-cps@4007.vd705fc76a_34e">
        <parentIds>
          <string>28</string>
        </parentIds>
        <id>29</id>
        <startId>20</startId>
      </node>
      <actions>
        <wf.a.TimingAction plugin="workflow-api@1336.vee415d95c521">
          <startTime>1737371139039</startTime>
        </wf.a.TimingAction>
      </actions>
    </Tag>
  </entry>
  <entry>
    <string>30</string>
    <Tag plugin="workflow-support@936.v9fa_77211ca_e1">
      <node class="cps.n.StepStartNode" plugin="workflow-cps@4007.vd705fc76a_34e">
        <parentIds>
          <string>29</string>
        </parentIds>
        <id>30</id>
        <descriptorId>org.jenkinsci.plugins.workflow.support.steps.StageStep</descriptorId>
      </node>
      <actions>
        <s.a.LogStorageAction/>
        <cps.a.ArgumentsActionImpl plugin="workflow-cps@4007.vd705fc76a_34e">
          <arguments>
            <entry>
              <string>name</string>
              <string>Push Image Docker</string>
            </entry>
          </arguments>
          <sensitiveVariables/>
          <isUnmodifiedBySanitization>true</isUnmodifiedBySanitization>
        </cps.a.ArgumentsActionImpl>
        <wf.a.TimingAction plugin="workflow-api@1336.vee415d95c521">
          <startTime>1737371139080</startTime>
        </wf.a.TimingAction>
      </actions>
    </Tag>
  </entry>
  <entry>
    <string>31</string>
    <Tag plugin="workflow-support@936.v9fa_77211ca_e1">
      <node class="cps.n.StepStartNode" plugin="workflow-cps@4007.vd705fc76a_34e">
        <parentIds>
          <string>30</string>
        </parentIds>
        <id>31</id>
        <descriptorId>org.jenkinsci.plugins.workflow.support.steps.StageStep</descriptorId>
      </node>
      <actions>
        <wf.a.BodyInvocationAction plugin="workflow-api@1336.vee415d95c521"/>
        <wf.a.LabelAction plugin="workflow-api@1336.vee415d95c521">
          <displayName>Push Image Docker</displayName>
        </wf.a.LabelAction>
        <wf.a.TimingAction plugin="workflow-api@1336.vee415d95c521">
          <startTime>1737371139091</startTime>
        </wf.a.TimingAction>
        <wf.a.TagsAction plugin="workflow-api@1336.vee415d95c521">
          <tags>
            <entry>
              <string>STAGE_STATUS</string>
              <string>FAILED_AND_CONTINUED</string>
            </entry>
          </tags>
        </wf.a.TagsAction>
      </actions>
    </Tag>
  </entry>
  <entry>
    <string>32</string>
    <Tag plugin="workflow-support@936.v9fa_77211ca_e1">
      <node class="cps.n.StepStartNode" plugin="workflow-cps@4007.vd705fc76a_34e">
        <parentIds>
          <string>31</string>
        </parentIds>
        <id>32</id>
        <descriptorId>org.jenkinsci.plugins.pipeline.modeldefinition.steps.ScriptStep</descriptorId>
      </node>
      <actions>
        <s.a.LogStorageAction/>
        <wf.a.TimingAction plugin="workflow-api@1336.vee415d95c521">
          <startTime>1737371139159</startTime>
        </wf.a.TimingAction>
      </actions>
    </Tag>
  </entry>
  <entry>
    <string>33</string>
    <Tag plugin="workflow-support@936.v9fa_77211ca_e1">
      <node class="cps.n.StepStartNode" plugin="workflow-cps@4007.vd705fc76a_34e">
        <parentIds>
          <string>32</string>
        </parentIds>
        <id>33</id>
        <descriptorId>org.jenkinsci.plugins.pipeline.modeldefinition.steps.ScriptStep</descriptorId>
      </node>
      <actions>
        <wf.a.BodyInvocationAction plugin="workflow-api@1336.vee415d95c521"/>
        <wf.a.TimingAction plugin="workflow-api@1336.vee415d95c521">
          <startTime>1737371139175</startTime>
        </wf.a.TimingAction>
      </actions>
    </Tag>
  </entry>
  <entry>
    <string>34</string>
    <Tag plugin="workflow-support@936.v9fa_77211ca_e1">
      <node class="cps.n.StepStartNode" plugin="workflow-cps@4007.vd705fc76a_34e">
        <parentIds>
          <string>33</string>
        </parentIds>
        <id>34</id>
        <descriptorId>org.jenkinsci.plugins.credentialsbinding.impl.BindingStep</descriptorId>
      </node>
      <actions>
        <s.a.LogStorageAction/>
        <cps.a.ArgumentsActionImpl plugin="workflow-cps@4007.vd705fc76a_34e">
          <arguments>
            <entry>
              <string>bindings</string>
              <list>
                <org.jenkinsci.plugins.workflow.cps.UninstantiatedDescribableWithInterpolation>
                  <symbol>string</symbol>
                  <arguments class="linked-hash-map">
                    <entry>
                      <string>credentialsId</string>
                      <string>dockerhub</string>
                    </entry>
                    <entry>
                      <string>variable</string>
                      <string>dockerhub_pwd</string>
                    </entry>
                  </arguments>
                  <interpolatedStrings/>
                </org.jenkinsci.plugins.workflow.cps.UninstantiatedDescribableWithInterpolation>
              </list>
            </entry>
          </arguments>
          <sensitiveVariables/>
          <isUnmodifiedBySanitization>true</isUnmodifiedBySanitization>
        </cps.a.ArgumentsActionImpl>
        <wf.a.TimingAction plugin="workflow-api@1336.vee415d95c521">
          <startTime>1737371139237</startTime>
        </wf.a.TimingAction>
      </actions>
    </Tag>
  </entry>
  <entry>
    <string>35</string>
    <Tag plugin="workflow-support@936.v9fa_77211ca_e1">
      <node class="cps.n.StepStartNode" plugin="workflow-cps@4007.vd705fc76a_34e">
        <parentIds>
          <string>34</string>
        </parentIds>
        <id>35</id>
        <descriptorId>org.jenkinsci.plugins.credentialsbinding.impl.BindingStep</descriptorId>
      </node>
      <actions>
        <wf.a.BodyInvocationAction plugin="workflow-api@1336.vee415d95c521"/>
        <wf.a.TimingAction plugin="workflow-api@1336.vee415d95c521">
          <startTime>1737371139271</startTime>
        </wf.a.TimingAction>
      </actions>
    </Tag>
  </entry>
  <entry>
    <string>36</string>
    <Tag plugin="workflow-support@936.v9fa_77211ca_e1">
      <node class="cps.n.StepAtomNode" plugin="workflow-cps@4007.vd705fc76a_34e">
        <parentIds>
          <string>35</string>
        </parentIds>
        <id>36</id>
        <descriptorId>org.jenkinsci.plugins.workflow.steps.durable_task.ShellStep</descriptorId>
      </node>
      <actions>
        <cps.a.ArgumentsActionImpl plugin="workflow-cps@4007.vd705fc76a_34e">
          <arguments>
            <entry>
              <string>script</string>
              <wf.a.ArgumentsAction_-NotStoredReason>UNSERIALIZABLE</wf.a.ArgumentsAction_-NotStoredReason>
            </entry>
          </arguments>
          <sensitiveVariables>
            <string>dockerhub_pwd</string>
          </sensitiveVariables>
          <isUnmodifiedBySanitization>false</isUnmodifiedBySanitization>
        </cps.a.ArgumentsActionImpl>
        <wf.a.TimingAction plugin="workflow-api@1336.vee415d95c521">
          <startTime>1737371141351</startTime>
        </wf.a.TimingAction>
        <s.a.LogStorageAction/>
        <wf.a.ErrorAction plugin="workflow-api@1336.vee415d95c521">
          <error class="java.lang.IllegalArgumentException">
            <detailMessage>Could not instantiate {script=org.jenkinsci.plugins.docker.workflow.Docker@68ce5818} for org.jenkinsci.plugins.workflow.steps.durable_task.ShellStep: java.lang.ClassCastException: org.jenkinsci.plugins.workflow.steps.durable_task.ShellStep.script expects class java.lang.String but received class org.jenkinsci.plugins.docker.workflow.Docker</detailMessage>
            <cause class="java.lang.ClassCastException">
              <detailMessage>org.jenkinsci.plugins.workflow.steps.durable_task.ShellStep.script expects class java.lang.String but received class org.jenkinsci.plugins.docker.workflow.Docker</detailMessage>
              <stackTrace>
                <trace>PluginClassLoader for structs//org.jenkinsci.plugins.structs.describable.DescribableModel.coerce(DescribableModel.java:498)</trace>
                <trace>PluginClassLoader for structs//org.jenkinsci.plugins.structs.describable.DescribableModel.buildArguments(DescribableModel.java:415)</trace>
                <trace>PluginClassLoader for structs//org.jenkinsci.plugins.structs.describable.DescribableModel.instantiate(DescribableModel.java:330)</trace>
                <trace>PluginClassLoader for workflow-cps//org.jenkinsci.plugins.workflow.cps.DSL.invokeStep(DSL.java:306)</trace>
                <trace>PluginClassLoader for workflow-cps//org.jenkinsci.plugins.workflow.cps.DSL.invokeMethod(DSL.java:196)</trace>
                <trace>PluginClassLoader for workflow-cps//org.jenkinsci.plugins.workflow.cps.CpsScript.invokeMethod(CpsScript.java:124)</trace>
                <trace>jdk.internal.reflect.GeneratedMethodAccessor340.invoke(Unknown Source)</trace>
                <trace>java.base/jdk.internal.reflect.DelegatingMethodAccessorImpl.invoke(DelegatingMethodAccessorImpl.java:43)</trace>
                <trace>java.base/java.lang.reflect.Method.invoke(Method.java:569)</trace>
                <trace>org.codehaus.groovy.reflection.CachedMethod.invoke(CachedMethod.java:98)</trace>
                <trace>groovy.lang.MetaMethod.doMethodInvoke(MetaMethod.java:325)</trace>
                <trace>groovy.lang.MetaClassImpl.invokeMethod(MetaClassImpl.java:1225)</trace>
                <trace>groovy.lang.MetaClassImpl.invokeMethod(MetaClassImpl.java:1034)</trace>
                <trace>org.codehaus.groovy.runtime.callsite.PogoMetaClassSite.call(PogoMetaClassSite.java:41)</trace>
                <trace>org.codehaus.groovy.runtime.callsite.CallSiteArray.defaultCall(CallSiteArray.java:47)</trace>
                <trace>org.codehaus.groovy.runtime.callsite.AbstractCallSite.call(AbstractCallSite.java:116)</trace>
                <trace>PluginClassLoader for script-security//org.kohsuke.groovy.sandbox.impl.Checker$1.call(Checker.java:180)</trace>
                <trace>PluginClassLoader for script-security//org.kohsuke.groovy.sandbox.GroovyInterceptor.onMethodCall(GroovyInterceptor.java:23)</trace>
                <trace>PluginClassLoader for script-security//org.jenkinsci.plugins.scriptsecurity.sandbox.groovy.SandboxInterceptor.onMethodCall(SandboxInterceptor.java:163)</trace>
                <trace>PluginClassLoader for script-security//org.kohsuke.groovy.sandbox.impl.Checker$1.call(Checker.java:178)</trace>
                <trace>PluginClassLoader for script-security//org.kohsuke.groovy.sandbox.impl.Checker.checkedCall(Checker.java:182)</trace>
                <trace>PluginClassLoader for script-security//org.kohsuke.groovy.sandbox.impl.Checker.checkedCall(Checker.java:152)</trace>
                <trace>PluginClassLoader for script-security//org.kohsuke.groovy.sandbox.impl.Checker.checkedCall(Checker.java:152)</trace>
                <trace>PluginClassLoader for script-security//org.kohsuke.groovy.sandbox.impl.Checker.checkedCall(Checker.java:152)</trace>
                <trace>PluginClassLoader for workflow-cps//com.cloudbees.groovy.cps.sandbox.SandboxInvoker.methodCall(SandboxInvoker.java:17)</trace>
                <trace>PluginClassLoader for workflow-cps//org.jenkinsci.plugins.workflow.cps.LoggingInvoker.methodCall(LoggingInvoker.java:117)</trace>
                <trace>PluginClassLoader for workflow-cps//com.cloudbees.groovy.cps.impl.ContinuationGroup.methodCall(ContinuationGroup.java:90)</trace>
                <trace>PluginClassLoader for workflow-cps//com.cloudbees.groovy.cps.impl.FunctionCallBlock$ContinuationImpl.dispatchOrArg(FunctionCallBlock.java:116)</trace>
                <trace>PluginClassLoader for workflow-cps//com.cloudbees.groovy.cps.impl.FunctionCallBlock$ContinuationImpl.fixArg(FunctionCallBlock.java:85)</trace>
                <trace>jdk.internal.reflect.GeneratedMethodAccessor142.invoke(Unknown Source)</trace>
                <trace>java.base/jdk.internal.reflect.DelegatingMethodAccessorImpl.invoke(DelegatingMethodAccessorImpl.java:43)</trace>
                <trace>java.base/java.lang.reflect.Method.invoke(Method.java:569)</trace>
                <trace>PluginClassLoader for workflow-cps//com.cloudbees.groovy.cps.impl.ContinuationPtr$ContinuationImpl.receive(ContinuationPtr.java:72)</trace>
                <trace>PluginClassLoader for workflow-cps//com.cloudbees.groovy.cps.impl.PropertyishBlock$ContinuationImpl.get(PropertyishBlock.java:75)</trace>
                <trace>PluginClassLoader for workflow-cps//com.cloudbees.groovy.cps.LValueBlock$GetAdapter.receive(LValueBlock.java:30)</trace>
                <trace>PluginClassLoader for workflow-cps//com.cloudbees.groovy.cps.impl.PropertyishBlock$ContinuationImpl.fixName(PropertyishBlock.java:65)</trace>
                <trace>jdk.internal.reflect.GeneratedMethodAccessor148.invoke(Unknown Source)</trace>
                <trace>java.base/jdk.internal.reflect.DelegatingMethodAccessorImpl.invoke(DelegatingMethodAccessorImpl.java:43)</trace>
                <trace>java.base/java.lang.reflect.Method.invoke(Method.java:569)</trace>
                <trace>PluginClassLoader for workflow-cps//com.cloudbees.groovy.cps.impl.ContinuationPtr$ContinuationImpl.receive(ContinuationPtr.java:72)</trace>
                <trace>PluginClassLoader for workflow-cps//com.cloudbees.groovy.cps.impl.ConstantBlock.eval(ConstantBlock.java:21)</trace>
                <trace>PluginClassLoader for workflow-cps//com.cloudbees.groovy.cps.Next.step(Next.java:83)</trace>
                <trace>PluginClassLoader for workflow-cps//com.cloudbees.groovy.cps.Continuable.run0(Continuable.java:147)</trace>
                <trace>PluginClassLoader for workflow-cps//org.jenkinsci.plugins.workflow.cps.SandboxContinuable.access$001(SandboxContinuable.java:17)</trace>
                <trace>PluginClassLoader for workflow-cps//org.jenkinsci.plugins.workflow.cps.SandboxContinuable.run0(SandboxContinuable.java:49)</trace>
                <trace>PluginClassLoader for workflow-cps//org.jenkinsci.plugins.workflow.cps.CpsThread.runNextChunk(CpsThread.java:180)</trace>
                <trace>PluginClassLoader for workflow-cps//org.jenkinsci.plugins.workflow.cps.CpsThreadGroup.run(CpsThreadGroup.java:422)</trace>
                <trace>PluginClassLoader for workflow-cps//org.jenkinsci.plugins.workflow.cps.CpsThreadGroup$2.call(CpsThreadGroup.java:330)</trace>
                <trace>PluginClassLoader for workflow-cps//org.jenkinsci.plugins.workflow.cps.CpsThreadGroup$2.call(CpsThreadGroup.java:294)</trace>
                <trace>PluginClassLoader for workflow-cps//org.jenkinsci.plugins.workflow.cps.CpsVmExecutorService.lambda$wrap$4(CpsVmExecutorService.java:140)</trace>
                <trace>java.base/java.util.concurrent.FutureTask.run(FutureTask.java:264)</trace>
                <trace>hudson.remoting.SingleLaneExecutorService$1.run(SingleLaneExecutorService.java:139)</trace>
                <trace>jenkins.util.ContextResettingExecutorService$1.run(ContextResettingExecutorService.java:28)</trace>
                <trace>jenkins.security.ImpersonatingExecutorService$1.run(ImpersonatingExecutorService.java:68)</trace>
                <trace>jenkins.util.ErrorLoggingExecutorService.lambda$wrap$0(ErrorLoggingExecutorService.java:51)</trace>
                <trace>java.base/java.util.concurrent.Executors$RunnableAdapter.call(Executors.java:539)</trace>
                <trace>java.base/java.util.concurrent.FutureTask.run(FutureTask.java:264)</trace>
                <trace>java.base/java.util.concurrent.ThreadPoolExecutor.runWorker(ThreadPoolExecutor.java:1136)</trace>
                <trace>java.base/java.util.concurrent.ThreadPoolExecutor$Worker.run(ThreadPoolExecutor.java:635)</trace>
                <trace>PluginClassLoader for workflow-cps//org.jenkinsci.plugins.workflow.cps.CpsVmExecutorService$1.call(CpsVmExecutorService.java:53)</trace>
                <trace>PluginClassLoader for workflow-cps//org.jenkinsci.plugins.workflow.cps.CpsVmExecutorService$1.call(CpsVmExecutorService.java:50)</trace>
                <trace>org.codehaus.groovy.runtime.GroovyCategorySupport$ThreadCategoryInfo.use(GroovyCategorySupport.java:136)</trace>
                <trace>org.codehaus.groovy.runtime.GroovyCategorySupport.use(GroovyCategorySupport.java:275)</trace>
                <trace>PluginClassLoader for workflow-cps//org.jenkinsci.plugins.workflow.cps.CpsVmExecutorService.lambda$categoryThreadFactory$0(CpsVmExecutorService.java:50)</trace>
                <trace>java.base/java.lang.Thread.run(Thread.java:840)</trace>
              </stackTrace>
              <suppressedExceptions class="empty-list"/>
            </cause>
            <stackTrace>
              <trace>PluginClassLoader for structs//org.jenkinsci.plugins.structs.describable.DescribableModel.instantiate(DescribableModel.java:340)</trace>
              <trace>PluginClassLoader for workflow-cps//org.jenkinsci.plugins.workflow.cps.DSL.invokeStep(DSL.java:306)</trace>
              <trace>PluginClassLoader for workflow-cps//org.jenkinsci.plugins.workflow.cps.DSL.invokeMethod(DSL.java:196)</trace>
              <trace>PluginClassLoader for workflow-cps//org.jenkinsci.plugins.workflow.cps.CpsScript.invokeMethod(CpsScript.java:124)</trace>
              <trace>jdk.internal.reflect.GeneratedMethodAccessor340.invoke(Unknown Source)</trace>
              <trace>java.base/jdk.internal.reflect.DelegatingMethodAccessorImpl.invoke(DelegatingMethodAccessorImpl.java:43)</trace>
              <trace>java.base/java.lang.reflect.Method.invoke(Method.java:569)</trace>
              <trace>org.codehaus.groovy.reflection.CachedMethod.invoke(CachedMethod.java:98)</trace>
              <trace>groovy.lang.MetaMethod.doMethodInvoke(MetaMethod.java:325)</trace>
              <trace>groovy.lang.MetaClassImpl.invokeMethod(MetaClassImpl.java:1225)</trace>
              <trace>groovy.lang.MetaClassImpl.invokeMethod(MetaClassImpl.java:1034)</trace>
              <trace>org.codehaus.groovy.runtime.callsite.PogoMetaClassSite.call(PogoMetaClassSite.java:41)</trace>
              <trace>org.codehaus.groovy.runtime.callsite.CallSiteArray.defaultCall(CallSiteArray.java:47)</trace>
              <trace>org.codehaus.groovy.runtime.callsite.AbstractCallSite.call(AbstractCallSite.java:116)</trace>
              <trace>PluginClassLoader for script-security//org.kohsuke.groovy.sandbox.impl.Checker$1.call(Checker.java:180)</trace>
              <trace>PluginClassLoader for script-security//org.kohsuke.groovy.sandbox.GroovyInterceptor.onMethodCall(GroovyInterceptor.java:23)</trace>
              <trace>PluginClassLoader for script-security//org.jenkinsci.plugins.scriptsecurity.sandbox.groovy.SandboxInterceptor.onMethodCall(SandboxInterceptor.java:163)</trace>
              <trace>PluginClassLoader for script-security//org.kohsuke.groovy.sandbox.impl.Checker$1.call(Checker.java:178)</trace>
              <trace>PluginClassLoader for script-security//org.kohsuke.groovy.sandbox.impl.Checker.checkedCall(Checker.java:182)</trace>
              <trace>PluginClassLoader for script-security//org.kohsuke.groovy.sandbox.impl.Checker.checkedCall(Checker.java:152)</trace>
              <trace>PluginClassLoader for script-security//org.kohsuke.groovy.sandbox.impl.Checker.checkedCall(Checker.java:152)</trace>
              <trace>PluginClassLoader for script-security//org.kohsuke.groovy.sandbox.impl.Checker.checkedCall(Checker.java:152)</trace>
              <trace>PluginClassLoader for workflow-cps//com.cloudbees.groovy.cps.sandbox.SandboxInvoker.methodCall(SandboxInvoker.java:17)</trace>
              <trace>PluginClassLoader for workflow-cps//org.jenkinsci.plugins.workflow.cps.LoggingInvoker.methodCall(LoggingInvoker.java:117)</trace>
              <trace>WorkflowScript.run(WorkflowScript:30)</trace>
              <trace>___cps.transform___(Native Method)</trace>
              <trace>PluginClassLoader for workflow-cps//com.cloudbees.groovy.cps.impl.ContinuationGroup.methodCall(ContinuationGroup.java:90)</trace>
              <trace>PluginClassLoader for workflow-cps//com.cloudbees.groovy.cps.impl.FunctionCallBlock$ContinuationImpl.dispatchOrArg(FunctionCallBlock.java:116)</trace>
              <trace>PluginClassLoader for workflow-cps//com.cloudbees.groovy.cps.impl.FunctionCallBlock$ContinuationImpl.fixArg(FunctionCallBlock.java:85)</trace>
              <trace>jdk.internal.reflect.GeneratedMethodAccessor142.invoke(Unknown Source)</trace>
              <trace>java.base/jdk.internal.reflect.DelegatingMethodAccessorImpl.invoke(DelegatingMethodAccessorImpl.java:43)</trace>
              <trace>java.base/java.lang.reflect.Method.invoke(Method.java:569)</trace>
              <trace>PluginClassLoader for workflow-cps//com.cloudbees.groovy.cps.impl.ContinuationPtr$ContinuationImpl.receive(ContinuationPtr.java:72)</trace>
              <trace>PluginClassLoader for workflow-cps//com.cloudbees.groovy.cps.impl.PropertyishBlock$ContinuationImpl.get(PropertyishBlock.java:75)</trace>
              <trace>PluginClassLoader for workflow-cps//com.cloudbees.groovy.cps.LValueBlock$GetAdapter.receive(LValueBlock.java:30)</trace>
              <trace>PluginClassLoader for workflow-cps//com.cloudbees.groovy.cps.impl.PropertyishBlock$ContinuationImpl.fixName(PropertyishBlock.java:65)</trace>
              <trace>jdk.internal.reflect.GeneratedMethodAccessor148.invoke(Unknown Source)</trace>
              <trace>java.base/jdk.internal.reflect.DelegatingMethodAccessorImpl.invoke(DelegatingMethodAccessorImpl.java:43)</trace>
              <trace>java.base/java.lang.reflect.Method.invoke(Method.java:569)</trace>
              <trace>PluginClassLoader for workflow-cps//com.cloudbees.groovy.cps.impl.ContinuationPtr$ContinuationImpl.receive(ContinuationPtr.java:72)</trace>
              <trace>PluginClassLoader for workflow-cps//com.cloudbees.groovy.cps.impl.ConstantBlock.eval(ConstantBlock.java:21)</trace>
              <trace>PluginClassLoader for workflow-cps//com.cloudbees.groovy.cps.Next.step(Next.java:83)</trace>
              <trace>PluginClassLoader for workflow-cps//com.cloudbees.groovy.cps.Continuable.run0(Continuable.java:147)</trace>
              <trace>PluginClassLoader for workflow-cps//org.jenkinsci.plugins.workflow.cps.SandboxContinuable.access$001(SandboxContinuable.java:17)</trace>
              <trace>PluginClassLoader for workflow-cps//org.jenkinsci.plugins.workflow.cps.SandboxContinuable.run0(SandboxContinuable.java:49)</trace>
              <trace>PluginClassLoader for workflow-cps//org.jenkinsci.plugins.workflow.cps.CpsThread.runNextChunk(CpsThread.java:180)</trace>
              <trace>PluginClassLoader for workflow-cps//org.jenkinsci.plugins.workflow.cps.CpsThreadGroup.run(CpsThreadGroup.java:422)</trace>
              <trace>PluginClassLoader for workflow-cps//org.jenkinsci.plugins.workflow.cps.CpsThreadGroup$2.call(CpsThreadGroup.java:330)</trace>
              <trace>PluginClassLoader for workflow-cps//org.jenkinsci.plugins.workflow.cps.CpsThreadGroup$2.call(CpsThreadGroup.java:294)</trace>
              <trace>PluginClassLoader for workflow-cps//org.jenkinsci.plugins.workflow.cps.CpsVmExecutorService.lambda$wrap$4(CpsVmExecutorService.java:140)</trace>
              <trace>java.base/java.util.concurrent.FutureTask.run(FutureTask.java:264)</trace>
              <trace>hudson.remoting.SingleLaneExecutorService$1.run(SingleLaneExecutorService.java:139)</trace>
              <trace>jenkins.util.ContextResettingExecutorService$1.run(ContextResettingExecutorService.java:28)</trace>
              <trace>jenkins.security.ImpersonatingExecutorService$1.run(ImpersonatingExecutorService.java:68)</trace>
              <trace>jenkins.util.ErrorLoggingExecutorService.lambda$wrap$0(ErrorLoggingExecutorService.java:51)</trace>
              <trace>java.base/java.util.concurrent.Executors$RunnableAdapter.call(Executors.java:539)</trace>
              <trace>java.base/java.util.concurrent.FutureTask.run(FutureTask.java:264)</trace>
              <trace>java.base/java.util.concurrent.ThreadPoolExecutor.runWorker(ThreadPoolExecutor.java:1136)</trace>
              <trace>java.base/java.util.concurrent.ThreadPoolExecutor$Worker.run(ThreadPoolExecutor.java:635)</trace>
              <trace>PluginClassLoader for workflow-cps//org.jenkinsci.plugins.workflow.cps.CpsVmExecutorService$1.call(CpsVmExecutorService.java:53)</trace>
              <trace>PluginClassLoader for workflow-cps//org.jenkinsci.plugins.workflow.cps.CpsVmExecutorService$1.call(CpsVmExecutorService.java:50)</trace>
              <trace>org.codehaus.groovy.runtime.GroovyCategorySupport$ThreadCategoryInfo.use(GroovyCategorySupport.java:136)</trace>
              <trace>org.codehaus.groovy.runtime.GroovyCategorySupport.use(GroovyCategorySupport.java:275)</trace>
              <trace>PluginClassLoader for workflow-cps//org.jenkinsci.plugins.workflow.cps.CpsVmExecutorService.lambda$categoryThreadFactory$0(CpsVmExecutorService.java:50)</trace>
              <trace>java.base/java.lang.Thread.run(Thread.java:840)</trace>
            </stackTrace>
            <suppressedExceptions>
              <wf.a.ErrorAction_-ErrorId>
                <stackTrace/>
                <suppressedExceptions class="empty-list"/>
                <uuid>889a24a8-e5f0-4b9c-8ec3-3a923c50b52b</uuid>
              </wf.a.ErrorAction_-ErrorId>
            </suppressedExceptions>
          </error>
        </wf.a.ErrorAction>
      </actions>
    </Tag>
  </entry>
  <entry>
    <string>37</string>
    <Tag plugin="workflow-support@936.v9fa_77211ca_e1">
      <node class="cps.n.StepEndNode" plugin="workflow-cps@4007.vd705fc76a_34e">
        <parentIds>
          <string>36</string>
        </parentIds>
        <id>37</id>
        <startId>35</startId>
      </node>
      <actions>
        <wf.a.BodyInvocationAction plugin="workflow-api@1336.vee415d95c521"/>
        <wf.a.TimingAction plugin="workflow-api@1336.vee415d95c521">
          <startTime>1737371141470</startTime>
        </wf.a.TimingAction>
        <wf.a.ErrorAction plugin="workflow-api@1336.vee415d95c521">
          <error class="java.lang.IllegalArgumentException" reference="../../../../../entry[35]/Tag/actions/wf.a.ErrorAction/error"/>
        </wf.a.ErrorAction>
        <s.a.LogStorageAction/>
      </actions>
    </Tag>
  </entry>
  <entry>
    <string>38</string>
    <Tag plugin="workflow-support@936.v9fa_77211ca_e1">
      <node class="cps.n.StepEndNode" plugin="workflow-cps@4007.vd705fc76a_34e">
        <parentIds>
          <string>37</string>
        </parentIds>
        <id>38</id>
        <startId>34</startId>
      </node>
      <actions>
        <wf.a.TimingAction plugin="workflow-api@1336.vee415d95c521">
          <startTime>1737371141669</startTime>
        </wf.a.TimingAction>
        <wf.a.ErrorAction plugin="workflow-api@1336.vee415d95c521">
          <error class="java.lang.IllegalArgumentException" reference="../../../../../entry[35]/Tag/actions/wf.a.ErrorAction/error"/>
        </wf.a.ErrorAction>
      </actions>
    </Tag>
  </entry>
  <entry>
    <string>39</string>
    <Tag plugin="workflow-support@936.v9fa_77211ca_e1">
      <node class="cps.n.StepEndNode" plugin="workflow-cps@4007.vd705fc76a_34e">
        <parentIds>
          <string>38</string>
        </parentIds>
        <id>39</id>
        <startId>33</startId>
      </node>
      <actions>
        <wf.a.BodyInvocationAction plugin="workflow-api@1336.vee415d95c521"/>
        <wf.a.TimingAction plugin="workflow-api@1336.vee415d95c521">
          <startTime>1737371141832</startTime>
        </wf.a.TimingAction>
        <wf.a.ErrorAction plugin="workflow-api@1336.vee415d95c521">
          <error class="java.lang.IllegalArgumentException" reference="../../../../../entry[35]/Tag/actions/wf.a.ErrorAction/error"/>
        </wf.a.ErrorAction>
      </actions>
    </Tag>
  </entry>
  <entry>
    <string>40</string>
    <Tag plugin="workflow-support@936.v9fa_77211ca_e1">
      <node class="cps.n.StepEndNode" plugin="workflow-cps@4007.vd705fc76a_34e">
        <parentIds>
          <string>39</string>
        </parentIds>
        <id>40</id>
        <startId>32</startId>
      </node>
      <actions>
        <wf.a.TimingAction plugin="workflow-api@1336.vee415d95c521">
          <startTime>1737371142039</startTime>
        </wf.a.TimingAction>
        <wf.a.ErrorAction plugin="workflow-api@1336.vee415d95c521">
          <error class="java.lang.IllegalArgumentException" reference="../../../../../entry[35]/Tag/actions/wf.a.ErrorAction/error"/>
        </wf.a.ErrorAction>
      </actions>
    </Tag>
  </entry>
  <entry>
    <string>41</string>
    <Tag plugin="workflow-support@936.v9fa_77211ca_e1">
      <node class="cps.n.StepEndNode" plugin="workflow-cps@4007.vd705fc76a_34e">
        <parentIds>
          <string>40</string>
        </parentIds>
        <id>41</id>
        <startId>31</startId>
      </node>
      <actions>
        <wf.a.BodyInvocationAction plugin="workflow-api@1336.vee415d95c521"/>
        <wf.a.TimingAction plugin="workflow-api@1336.vee415d95c521">
          <startTime>1737371142139</startTime>
        </wf.a.TimingAction>
        <wf.a.ErrorAction plugin="workflow-api@1336.vee415d95c521">
          <error class="java.lang.IllegalArgumentException" reference="../../../../../entry[35]/Tag/actions/wf.a.ErrorAction/error"/>
        </wf.a.ErrorAction>
      </actions>
    </Tag>
  </entry>
  <entry>
    <string>42</string>
    <Tag plugin="workflow-support@936.v9fa_77211ca_e1">
      <node class="cps.n.StepEndNode" plugin="workflow-cps@4007.vd705fc76a_34e">
        <parentIds>
          <string>41</string>
        </parentIds>
        <id>42</id>
        <startId>30</startId>
      </node>
      <actions>
        <wf.a.TimingAction plugin="workflow-api@1336.vee415d95c521">
          <startTime>1737371142320</startTime>
        </wf.a.TimingAction>
        <wf.a.ErrorAction plugin="workflow-api@1336.vee415d95c521">
          <error class="java.lang.IllegalArgumentException" reference="../../../../../entry[35]/Tag/actions/wf.a.ErrorAction/error"/>
        </wf.a.ErrorAction>
      </actions>
    </Tag>
  </entry>
  <entry>
    <string>43</string>
    <Tag plugin="workflow-support@936.v9fa_77211ca_e1">
      <node class="cps.n.StepStartNode" plugin="workflow-cps@4007.vd705fc76a_34e">
        <parentIds>
          <string>42</string>
        </parentIds>
        <id>43</id>
        <descriptorId>org.jenkinsci.plugins.workflow.support.steps.StageStep</descriptorId>
      </node>
      <actions>
        <s.a.LogStorageAction/>
        <cps.a.ArgumentsActionImpl plugin="workflow-cps@4007.vd705fc76a_34e">
          <arguments>
            <entry>
              <string>name</string>
              <string>Release</string>
            </entry>
          </arguments>
          <sensitiveVariables/>
          <isUnmodifiedBySanitization>true</isUnmodifiedBySanitization>
        </cps.a.ArgumentsActionImpl>
        <wf.a.TimingAction plugin="workflow-api@1336.vee415d95c521">
          <startTime>1737371142409</startTime>
        </wf.a.TimingAction>
      </actions>
    </Tag>
  </entry>
  <entry>
    <string>44</string>
    <Tag plugin="workflow-support@936.v9fa_77211ca_e1">
      <node class="cps.n.StepStartNode" plugin="workflow-cps@4007.vd705fc76a_34e">
        <parentIds>
          <string>43</string>
        </parentIds>
        <id>44</id>
        <descriptorId>org.jenkinsci.plugins.workflow.support.steps.StageStep</descriptorId>
      </node>
      <actions>
        <wf.a.BodyInvocationAction plugin="workflow-api@1336.vee415d95c521"/>
        <wf.a.LabelAction plugin="workflow-api@1336.vee415d95c521">
          <displayName>Release</displayName>
        </wf.a.LabelAction>
        <wf.a.TimingAction plugin="workflow-api@1336.vee415d95c521">
          <startTime>1737371142424</startTime>
        </wf.a.TimingAction>
        <wf.a.TagsAction plugin="workflow-api@1336.vee415d95c521">
          <tags>
            <entry>
              <string>STAGE_STATUS</string>
              <string>SKIPPED_FOR_FAILURE</string>
            </entry>
          </tags>
        </wf.a.TagsAction>
      </actions>
    </Tag>
  </entry>
  <entry>
    <string>45</string>
    <Tag plugin="workflow-support@936.v9fa_77211ca_e1">
      <node class="cps.n.StepAtomNode" plugin="workflow-cps@4007.vd705fc76a_34e">
        <parentIds>
          <string>44</string>
        </parentIds>
        <id>45</id>
        <descriptorId>org.jenkinsci.plugins.workflow.steps.GetContextStep</descriptorId>
      </node>
      <actions>
        <cps.a.ArgumentsActionImpl plugin="workflow-cps@4007.vd705fc76a_34e">
          <arguments>
            <entry>
              <string>type</string>
              <wf.a.ArgumentsAction_-NotStoredReason>UNSERIALIZABLE</wf.a.ArgumentsAction_-NotStoredReason>
            </entry>
          </arguments>
          <sensitiveVariables/>
          <isUnmodifiedBySanitization>false</isUnmodifiedBySanitization>
        </cps.a.ArgumentsActionImpl>
        <wf.a.TimingAction plugin="workflow-api@1336.vee415d95c521">
          <startTime>1737371142489</startTime>
        </wf.a.TimingAction>
        <s.a.LogStorageAction/>
      </actions>
    </Tag>
  </entry>
  <entry>
    <string>46</string>
    <Tag plugin="workflow-support@936.v9fa_77211ca_e1">
      <node class="cps.n.StepEndNode" plugin="workflow-cps@4007.vd705fc76a_34e">
        <parentIds>
          <string>45</string>
        </parentIds>
        <id>46</id>
        <startId>44</startId>
      </node>
      <actions>
        <wf.a.BodyInvocationAction plugin="workflow-api@1336.vee415d95c521"/>
        <wf.a.TimingAction plugin="workflow-api@1336.vee415d95c521">
          <startTime>1737371142539</startTime>
        </wf.a.TimingAction>
        <wf.a.ErrorAction plugin="workflow-api@1336.vee415d95c521">
          <error class="java.lang.IllegalArgumentException" reference="../../../../../entry[35]/Tag/actions/wf.a.ErrorAction/error"/>
        </wf.a.ErrorAction>
      </actions>
    </Tag>
  </entry>
  <entry>
    <string>47</string>
    <Tag plugin="workflow-support@936.v9fa_77211ca_e1">
      <node class="cps.n.StepEndNode" plugin="workflow-cps@4007.vd705fc76a_34e">
        <parentIds>
          <string>46</string>
        </parentIds>
        <id>47</id>
        <startId>43</startId>
      </node>
      <actions>
        <wf.a.TimingAction plugin="workflow-api@1336.vee415d95c521">
          <startTime>1737371142611</startTime>
        </wf.a.TimingAction>
        <wf.a.ErrorAction plugin="workflow-api@1336.vee415d95c521">
          <error class="java.lang.IllegalArgumentException" reference="../../../../../entry[35]/Tag/actions/wf.a.ErrorAction/error"/>
        </wf.a.ErrorAction>
      </actions>
    </Tag>
  </entry>
  <entry>
    <string>48</string>
    <Tag plugin="workflow-support@936.v9fa_77211ca_e1">
      <node class="cps.n.StepStartNode" plugin="workflow-cps@4007.vd705fc76a_34e">
        <parentIds>
          <string>47</string>
        </parentIds>
        <id>48</id>
        <descriptorId>org.jenkinsci.plugins.workflow.support.steps.StageStep</descriptorId>
      </node>
      <actions>
        <s.a.LogStorageAction/>
        <cps.a.ArgumentsActionImpl plugin="workflow-cps@4007.vd705fc76a_34e">
          <arguments>
            <entry>
              <string>name</string>
              <string>Cleanup</string>
            </entry>
          </arguments>
          <sensitiveVariables/>
          <isUnmodifiedBySanitization>true</isUnmodifiedBySanitization>
        </cps.a.ArgumentsActionImpl>
        <wf.a.TimingAction plugin="workflow-api@1336.vee415d95c521">
          <startTime>1737371142741</startTime>
        </wf.a.TimingAction>
      </actions>
    </Tag>
  </entry>
  <entry>
    <string>49</string>
    <Tag plugin="workflow-support@936.v9fa_77211ca_e1">
      <node class="cps.n.StepStartNode" plugin="workflow-cps@4007.vd705fc76a_34e">
        <parentIds>
          <string>48</string>
        </parentIds>
        <id>49</id>
        <descriptorId>org.jenkinsci.plugins.workflow.support.steps.StageStep</descriptorId>
      </node>
      <actions>
        <wf.a.BodyInvocationAction plugin="workflow-api@1336.vee415d95c521"/>
        <wf.a.LabelAction plugin="workflow-api@1336.vee415d95c521">
          <displayName>Cleanup</displayName>
        </wf.a.LabelAction>
        <wf.a.TimingAction plugin="workflow-api@1336.vee415d95c521">
          <startTime>1737371142755</startTime>
        </wf.a.TimingAction>
        <wf.a.TagsAction plugin="workflow-api@1336.vee415d95c521">
          <tags>
            <entry>
              <string>STAGE_STATUS</string>
              <string>SKIPPED_FOR_FAILURE</string>
            </entry>
          </tags>
        </wf.a.TagsAction>
      </actions>
    </Tag>
  </entry>
  <entry>
    <string>50</string>
    <Tag plugin="workflow-support@936.v9fa_77211ca_e1">
      <node class="cps.n.StepAtomNode" plugin="workflow-cps@4007.vd705fc76a_34e">
        <parentIds>
          <string>49</string>
        </parentIds>
        <id>50</id>
        <descriptorId>org.jenkinsci.plugins.workflow.steps.GetContextStep</descriptorId>
      </node>
      <actions>
        <cps.a.ArgumentsActionImpl plugin="workflow-cps@4007.vd705fc76a_34e">
          <arguments>
            <entry>
              <string>type</string>
              <wf.a.ArgumentsAction_-NotStoredReason>UNSERIALIZABLE</wf.a.ArgumentsAction_-NotStoredReason>
            </entry>
          </arguments>
          <sensitiveVariables/>
          <isUnmodifiedBySanitization>false</isUnmodifiedBySanitization>
        </cps.a.ArgumentsActionImpl>
        <wf.a.TimingAction plugin="workflow-api@1336.vee415d95c521">
          <startTime>1737371142806</startTime>
        </wf.a.TimingAction>
        <s.a.LogStorageAction/>
      </actions>
    </Tag>
  </entry>
  <entry>
    <string>51</string>
    <Tag plugin="workflow-support@936.v9fa_77211ca_e1">
      <node class="cps.n.StepEndNode" plugin="workflow-cps@4007.vd705fc76a_34e">
        <parentIds>
          <string>50</string>
        </parentIds>
        <id>51</id>
        <startId>49</startId>
      </node>
      <actions>
        <wf.a.BodyInvocationAction plugin="workflow-api@1336.vee415d95c521"/>
        <wf.a.TimingAction plugin="workflow-api@1336.vee415d95c521">
          <startTime>1737371142838</startTime>
        </wf.a.TimingAction>
        <wf.a.ErrorAction plugin="workflow-api@1336.vee415d95c521">
          <error class="java.lang.IllegalArgumentException" reference="../../../../../entry[35]/Tag/actions/wf.a.ErrorAction/error"/>
        </wf.a.ErrorAction>
      </actions>
    </Tag>
  </entry>
  <entry>
    <string>52</string>
    <Tag plugin="workflow-support@936.v9fa_77211ca_e1">
      <node class="cps.n.StepEndNode" plugin="workflow-cps@4007.vd705fc76a_34e">
        <parentIds>
          <string>51</string>
        </parentIds>
        <id>52</id>
        <startId>48</startId>
      </node>
      <actions>
        <wf.a.TimingAction plugin="workflow-api@1336.vee415d95c521">
          <startTime>1737371142893</startTime>
        </wf.a.TimingAction>
        <wf.a.ErrorAction plugin="workflow-api@1336.vee415d95c521">
          <error class="java.lang.IllegalArgumentException" reference="../../../../../entry[35]/Tag/actions/wf.a.ErrorAction/error"/>
        </wf.a.ErrorAction>
      </actions>
    </Tag>
  </entry>
  <entry>
    <string>53</string>
    <Tag plugin="workflow-support@936.v9fa_77211ca_e1">
      <node class="cps.n.StepStartNode" plugin="workflow-cps@4007.vd705fc76a_34e">
        <parentIds>
          <string>52</string>
        </parentIds>
        <id>53</id>
        <descriptorId>org.jenkinsci.plugins.workflow.support.steps.StageStep</descriptorId>
      </node>
      <actions>
        <s.a.LogStorageAction/>
        <cps.a.ArgumentsActionImpl plugin="workflow-cps@4007.vd705fc76a_34e">
          <arguments>
            <entry>
              <string>name</string>
              <string>Declarative: Post Actions</string>
            </entry>
          </arguments>
          <sensitiveVariables/>
          <isUnmodifiedBySanitization>true</isUnmodifiedBySanitization>
        </cps.a.ArgumentsActionImpl>
        <wf.a.TimingAction plugin="workflow-api@1336.vee415d95c521">
          <startTime>1737371142944</startTime>
        </wf.a.TimingAction>
      </actions>
    </Tag>
  </entry>
  <entry>
    <string>54</string>
    <Tag plugin="workflow-support@936.v9fa_77211ca_e1">
      <node class="cps.n.StepStartNode" plugin="workflow-cps@4007.vd705fc76a_34e">
        <parentIds>
          <string>53</string>
        </parentIds>
        <id>54</id>
        <descriptorId>org.jenkinsci.plugins.workflow.support.steps.StageStep</descriptorId>
      </node>
      <actions>
        <wf.a.BodyInvocationAction plugin="workflow-api@1336.vee415d95c521"/>
        <wf.a.LabelAction plugin="workflow-api@1336.vee415d95c521">
          <displayName>Declarative: Post Actions</displayName>
        </wf.a.LabelAction>
        <wf.a.TimingAction plugin="workflow-api@1336.vee415d95c521">
          <startTime>1737371142954</startTime>
        </wf.a.TimingAction>
        <wf.a.TagsAction plugin="workflow-api@1336.vee415d95c521">
          <tags>
            <entry>
              <string>SYNTHETIC_STAGE</string>
              <string>POST</string>
            </entry>
          </tags>
        </wf.a.TagsAction>
      </actions>
    </Tag>
  </entry>
  <entry>
    <string>55</string>
    <Tag plugin="workflow-support@936.v9fa_77211ca_e1">
      <node class="cps.n.StepAtomNode" plugin="workflow-cps@4007.vd705fc76a_34e">
        <parentIds>
          <string>54</string>
        </parentIds>
        <id>55</id>
        <descriptorId>org.jenkinsci.plugins.workflow.steps.EchoStep</descriptorId>
      </node>
      <actions>
        <cps.a.ArgumentsActionImpl plugin="workflow-cps@4007.vd705fc76a_34e">
          <arguments>
            <entry>
              <string>message</string>
              <string>Pipeline terminé.</string>
            </entry>
          </arguments>
          <sensitiveVariables/>
          <isUnmodifiedBySanitization>true</isUnmodifiedBySanitization>
        </cps.a.ArgumentsActionImpl>
        <wf.a.TimingAction plugin="workflow-api@1336.vee415d95c521">
          <startTime>1737371143024</startTime>
        </wf.a.TimingAction>
        <s.a.LogStorageAction/>
      </actions>
    </Tag>
  </entry>
  <entry>
    <string>56</string>
    <Tag plugin="workflow-support@936.v9fa_77211ca_e1">
      <node class="cps.n.StepAtomNode" plugin="workflow-cps@4007.vd705fc76a_34e">
        <parentIds>
          <string>55</string>
        </parentIds>
        <id>56</id>
        <descriptorId>org.jenkinsci.plugins.workflow.steps.EchoStep</descriptorId>
      </node>
      <actions>
        <cps.a.ArgumentsActionImpl plugin="workflow-cps@4007.vd705fc76a_34e">
          <arguments>
            <entry>
              <string>message</string>
              <string>Une erreur est survenue pendant le pipeline.</string>
            </entry>
          </arguments>
          <sensitiveVariables/>
          <isUnmodifiedBySanitization>true</isUnmodifiedBySanitization>
        </cps.a.ArgumentsActionImpl>
        <wf.a.TimingAction plugin="workflow-api@1336.vee415d95c521">
          <startTime>1737371143080</startTime>
        </wf.a.TimingAction>
        <s.a.LogStorageAction/>
      </actions>
    </Tag>
  </entry>
  <entry>
    <string>57</string>
    <Tag plugin="workflow-support@936.v9fa_77211ca_e1">
      <node class="cps.n.StepEndNode" plugin="workflow-cps@4007.vd705fc76a_34e">
        <parentIds>
          <string>56</string>
        </parentIds>
        <id>57</id>
        <startId>54</startId>
      </node>
      <actions>
        <wf.a.BodyInvocationAction plugin="workflow-api@1336.vee415d95c521"/>
        <wf.a.TimingAction plugin="workflow-api@1336.vee415d95c521">
          <startTime>1737371143117</startTime>
        </wf.a.TimingAction>
      </actions>
    </Tag>
  </entry>
  <entry>
    <string>58</string>
    <Tag plugin="workflow-support@936.v9fa_77211ca_e1">
      <node class="cps.n.StepEndNode" plugin="workflow-cps@4007.vd705fc76a_34e">
        <parentIds>
          <string>57</string>
        </parentIds>
        <id>58</id>
        <startId>53</startId>
      </node>
      <actions>
        <wf.a.TimingAction plugin="workflow-api@1336.vee415d95c521">
          <startTime>1737371143161</startTime>
        </wf.a.TimingAction>
      </actions>
    </Tag>
  </entry>
  <entry>
    <string>59</string>
    <Tag plugin="workflow-support@936.v9fa_77211ca_e1">
      <node class="cps.n.StepEndNode" plugin="workflow-cps@4007.vd705fc76a_34e">
        <parentIds>
          <string>58</string>
        </parentIds>
        <id>59</id>
        <startId>13</startId>
      </node>
      <actions>
        <wf.a.BodyInvocationAction plugin="workflow-api@1336.vee415d95c521"/>
        <wf.a.TimingAction plugin="workflow-api@1336.vee415d95c521">
          <startTime>1737371143192</startTime>
        </wf.a.TimingAction>
        <wf.a.ErrorAction plugin="workflow-api@1336.vee415d95c521">
          <error class="java.lang.IllegalArgumentException" reference="../../../../../entry[35]/Tag/actions/wf.a.ErrorAction/error"/>
        </wf.a.ErrorAction>
      </actions>
    </Tag>
  </entry>
  <entry>
    <string>60</string>
    <Tag plugin="workflow-support@936.v9fa_77211ca_e1">
      <node class="cps.n.StepEndNode" plugin="workflow-cps@4007.vd705fc76a_34e">
        <parentIds>
          <string>59</string>
        </parentIds>
        <id>60</id>
        <startId>12</startId>
      </node>
      <actions>
        <wf.a.TimingAction plugin="workflow-api@1336.vee415d95c521">
          <startTime>1737371143259</startTime>
        </wf.a.TimingAction>
        <wf.a.ErrorAction plugin="workflow-api@1336.vee415d95c521">
          <error class="java.lang.IllegalArgumentException" reference="../../../../../entry[35]/Tag/actions/wf.a.ErrorAction/error"/>
        </wf.a.ErrorAction>
      </actions>
    </Tag>
  </entry>
  <entry>
    <string>61</string>
    <Tag plugin="workflow-support@936.v9fa_77211ca_e1">
      <node class="cps.n.StepEndNode" plugin="workflow-cps@4007.vd705fc76a_34e">
        <parentIds>
          <string>60</string>
        </parentIds>
        <id>61</id>
        <startId>11</startId>
      </node>
      <actions>
        <wf.a.BodyInvocationAction plugin="workflow-api@1336.vee415d95c521"/>
        <wf.a.TimingAction plugin="workflow-api@1336.vee415d95c521">
          <startTime>1737371143300</startTime>
        </wf.a.TimingAction>
        <wf.a.ErrorAction plugin="workflow-api@1336.vee415d95c521">
          <error class="java.lang.IllegalArgumentException" reference="../../../../../entry[35]/Tag/actions/wf.a.ErrorAction/error"/>
        </wf.a.ErrorAction>
      </actions>
    </Tag>
  </entry>
  <entry>
    <string>62</string>
    <Tag plugin="workflow-support@936.v9fa_77211ca_e1">
      <node class="cps.n.StepEndNode" plugin="workflow-cps@4007.vd705fc76a_34e">
        <parentIds>
          <string>61</string>
        </parentIds>
        <id>62</id>
        <startId>10</startId>
      </node>
      <actions>
        <wf.a.TimingAction plugin="workflow-api@1336.vee415d95c521">
          <startTime>1737371143353</startTime>
        </wf.a.TimingAction>
        <wf.a.ErrorAction plugin="workflow-api@1336.vee415d95c521">
          <error class="java.lang.IllegalArgumentException" reference="../../../../../entry[35]/Tag/actions/wf.a.ErrorAction/error"/>
        </wf.a.ErrorAction>
      </actions>
    </Tag>
  </entry>
  <entry>
    <string>63</string>
    <Tag plugin="workflow-support@936.v9fa_77211ca_e1">
      <node class="cps.n.StepEndNode" plugin="workflow-cps@4007.vd705fc76a_34e">
        <parentIds>
          <string>62</string>
        </parentIds>
        <id>63</id>
        <startId>4</startId>
      </node>
      <actions>
        <wf.a.BodyInvocationAction plugin="workflow-api@1336.vee415d95c521"/>
        <wf.a.TimingAction plugin="workflow-api@1336.vee415d95c521">
          <startTime>1737371143382</startTime>
        </wf.a.TimingAction>
        <wf.a.ErrorAction plugin="workflow-api@1336.vee415d95c521">
          <error class="java.lang.IllegalArgumentException" reference="../../../../../entry[35]/Tag/actions/wf.a.ErrorAction/error"/>
        </wf.a.ErrorAction>
      </actions>
    </Tag>
  </entry>
  <entry>
    <string>64</string>
    <Tag plugin="workflow-support@936.v9fa_77211ca_e1">
      <node class="cps.n.StepEndNode" plugin="workflow-cps@4007.vd705fc76a_34e">
        <parentIds>
          <string>63</string>
        </parentIds>
        <id>64</id>
        <startId>3</startId>
      </node>
      <actions>
        <wf.a.TimingAction plugin="workflow-api@1336.vee415d95c521">
          <startTime>1737371143570</startTime>
        </wf.a.TimingAction>
        <wf.a.ErrorAction plugin="workflow-api@1336.vee415d95c521">
          <error class="java.lang.IllegalArgumentException" reference="../../../../../entry[35]/Tag/actions/wf.a.ErrorAction/error"/>
        </wf.a.ErrorAction>
        <wf.a.ErrorAction plugin="workflow-api@1336.vee415d95c521">
          <error class="java.lang.IllegalArgumentException" reference="../../../../../entry[35]/Tag/actions/wf.a.ErrorAction/error"/>
        </wf.a.ErrorAction>
      </actions>
    </Tag>
  </entry>
  <entry>
    <string>65</string>
    <Tag plugin="workflow-support@936.v9fa_77211ca_e1">
      <node class="org.jenkinsci.plugins.workflow.graph.FlowEndNode" plugin="workflow-api@1336.vee415d95c521">
        <parentIds>
          <string>64</string>
        </parentIds>
        <id>65</id>
        <startId>2</startId>
        <result>
          <name>FAILURE</name>
          <ordinal>2</ordinal>
          <color>RED</color>
          <completeBuild>true</completeBuild>
        </result>
      </node>
      <actions>
        <wf.a.ErrorAction plugin="workflow-api@1336.vee415d95c521">
          <error class="java.lang.IllegalArgumentException" reference="../../../../../entry[35]/Tag/actions/wf.a.ErrorAction/error"/>
        </wf.a.ErrorAction>
        <wf.a.TimingAction plugin="workflow-api@1336.vee415d95c521">
          <startTime>1737371143632</startTime>
        </wf.a.TimingAction>
      </actions>
    </Tag>
  </entry>
</linked-hash-map>