<?xml version="1.1" encoding="UTF-8"?>
<linked-hash-map>
  <entry>
    <string>2</string>
    <Tag plugin="workflow-support@936.v9fa_77211ca_e1">
      <node class="org.jenkinsci.plugins.workflow.graph.FlowStartNode" plugin="workflow-api@1336.vee415d95c521">
        <parentIds/>
        <id>2</id>
      </node>
      <actions>
        <wf.a.TimingAction plugin="workflow-api@1336.vee415d95c521">
          <startTime>1737384199350</startTime>
        </wf.a.TimingAction>
      </actions>
    </Tag>
  </entry>
  <entry>
    <string>3</string>
    <Tag plugin="workflow-support@936.v9fa_77211ca_e1">
      <node class="cps.n.StepStartNode" plugin="workflow-cps@4007.vd705fc76a_34e">
        <parentIds>
          <string>2</string>
        </parentIds>
        <id>3</id>
        <descriptorId>org.jenkinsci.plugins.workflow.support.steps.ExecutorStep</descriptorId>
      </node>
      <actions>
        <s.a.LogStorageAction/>
        <wf.a.TimingAction plugin="workflow-api@1336.vee415d95c521">
          <startTime>1737384200094</startTime>
        </wf.a.TimingAction>
        <org.jenkinsci.plugins.workflow.support.steps.ExecutorStepExecution_-QueueItemActionImpl plugin="workflow-durable-task-step@1398.vf6c9e89e5988">
          <id>65</id>
        </org.jenkinsci.plugins.workflow.support.steps.ExecutorStepExecution_-QueueItemActionImpl>
        <s.a.WorkspaceActionImpl>
          <node></node>
          <path>/var/lib/jenkins/workspace/filRouge-web</path>
          <labels class="sorted-set"/>
        </s.a.WorkspaceActionImpl>
      </actions>
    </Tag>
  </entry>
  <entry>
    <string>4</string>
    <Tag plugin="workflow-support@936.v9fa_77211ca_e1">
      <node class="cps.n.StepStartNode" plugin="workflow-cps@4007.vd705fc76a_34e">
        <parentIds>
          <string>3</string>
        </parentIds>
        <id>4</id>
        <descriptorId>org.jenkinsci.plugins.workflow.support.steps.ExecutorStep</descriptorId>
      </node>
      <actions>
        <wf.a.BodyInvocationAction plugin="workflow-api@1336.vee415d95c521"/>
        <wf.a.TimingAction plugin="workflow-api@1336.vee415d95c521">
          <startTime>1737384200157</startTime>
        </wf.a.TimingAction>
      </actions>
    </Tag>
  </entry>
  <entry>
    <string>5</string>
    <Tag plugin="workflow-support@936.v9fa_77211ca_e1">
      <node class="cps.n.StepStartNode" plugin="workflow-cps@4007.vd705fc76a_34e">
        <parentIds>
          <string>4</string>
        </parentIds>
        <id>5</id>
        <descriptorId>org.jenkinsci.plugins.workflow.support.steps.StageStep</descriptorId>
      </node>
      <actions>
        <s.a.LogStorageAction/>
        <cps.a.ArgumentsActionImpl plugin="workflow-cps@4007.vd705fc76a_34e">
          <arguments>
            <entry>
              <string>name</string>
              <string>Declarative: Checkout SCM</string>
            </entry>
          </arguments>
          <sensitiveVariables/>
          <isUnmodifiedBySanitization>true</isUnmodifiedBySanitization>
        </cps.a.ArgumentsActionImpl>
        <wf.a.TimingAction plugin="workflow-api@1336.vee415d95c521">
          <startTime>1737384200202</startTime>
        </wf.a.TimingAction>
      </actions>
    </Tag>
  </entry>
  <entry>
    <string>6</string>
    <Tag plugin="workflow-support@936.v9fa_77211ca_e1">
      <node class="cps.n.StepStartNode" plugin="workflow-cps@4007.vd705fc76a_34e">
        <parentIds>
          <string>5</string>
        </parentIds>
        <id>6</id>
        <descriptorId>org.jenkinsci.plugins.workflow.support.steps.StageStep</descriptorId>
      </node>
      <actions>
        <wf.a.BodyInvocationAction plugin="workflow-api@1336.vee415d95c521"/>
        <wf.a.LabelAction plugin="workflow-api@1336.vee415d95c521">
          <displayName>Declarative: Checkout SCM</displayName>
        </wf.a.LabelAction>
        <wf.a.TimingAction plugin="workflow-api@1336.vee415d95c521">
          <startTime>1737384200209</startTime>
        </wf.a.TimingAction>
        <wf.a.TagsAction plugin="workflow-api@1336.vee415d95c521">
          <tags>
            <entry>
              <string>SYNTHETIC_STAGE</string>
              <string>PRE</string>
            </entry>
          </tags>
        </wf.a.TagsAction>
      </actions>
    </Tag>
  </entry>
  <entry>
    <string>7</string>
    <Tag plugin="workflow-support@936.v9fa_77211ca_e1">
      <node class="cps.n.StepAtomNode" plugin="workflow-cps@4007.vd705fc76a_34e">
        <parentIds>
          <string>6</string>
        </parentIds>
        <id>7</id>
        <descriptorId>org.jenkinsci.plugins.workflow.steps.scm.GenericSCMStep</descriptorId>
      </node>
      <actions>
        <cps.a.ArgumentsActionImpl plugin="workflow-cps@4007.vd705fc76a_34e">
          <arguments>
            <entry>
              <string>scm</string>
              <org.jenkinsci.plugins.structs.describable.UninstantiatedDescribable plugin="structs@338.v848422169819">
                <symbol>scmGit</symbol>
                <arguments class="tree-map">
                  <entry>
                    <string>branches</string>
                    <list>
                      <org.jenkinsci.plugins.structs.describable.UninstantiatedDescribable>
                        <arguments class="tree-map">
                          <entry>
                            <string>name</string>
                            <string>*/prod</string>
                          </entry>
                        </arguments>
                        <model resolves-to="org.jenkinsci.plugins.structs.describable.DescribableModel$SerializedForm">
                          <type>hudson.plugins.git.BranchSpec</type>
                        </model>
                      </org.jenkinsci.plugins.structs.describable.UninstantiatedDescribable>
                    </list>
                  </entry>
                  <entry>
                    <string>extensions</string>
                    <list/>
                  </entry>
                  <entry>
                    <string>userRemoteConfigs</string>
                    <list>
                      <org.jenkinsci.plugins.structs.describable.UninstantiatedDescribable>
                        <arguments class="tree-map">
                          <entry>
                            <string>credentialsId</string>
                            <string>a519e48a-7db2-4f14-b0f0-bd9c4827352d</string>
                          </entry>
                          <entry>
                            <string>url</string>
                            <string>https://github.com/agndiaye001/FilRouge.git/</string>
                          </entry>
                        </arguments>
                        <model resolves-to="org.jenkinsci.plugins.structs.describable.DescribableModel$SerializedForm">
                          <type>hudson.plugins.git.UserRemoteConfig</type>
                        </model>
                      </org.jenkinsci.plugins.structs.describable.UninstantiatedDescribable>
                    </list>
                  </entry>
                </arguments>
                <model resolves-to="org.jenkinsci.plugins.structs.describable.DescribableModel$SerializedForm">
                  <type>hudson.plugins.git.GitSCM</type>
                </model>
              </org.jenkinsci.plugins.structs.describable.UninstantiatedDescribable>
            </entry>
          </arguments>
          <sensitiveVariables/>
          <isUnmodifiedBySanitization>true</isUnmodifiedBySanitization>
        </cps.a.ArgumentsActionImpl>
        <wf.a.TimingAction plugin="workflow-api@1336.vee415d95c521">
          <startTime>1737384200261</startTime>
        </wf.a.TimingAction>
        <s.a.LogStorageAction/>
      </actions>
    </Tag>
  </entry>
  <entry>
    <string>8</string>
    <Tag plugin="workflow-support@936.v9fa_77211ca_e1">
      <node class="cps.n.StepEndNode" plugin="workflow-cps@4007.vd705fc76a_34e">
        <parentIds>
          <string>7</string>
        </parentIds>
        <id>8</id>
        <startId>6</startId>
      </node>
      <actions>
        <wf.a.BodyInvocationAction plugin="workflow-api@1336.vee415d95c521"/>
        <wf.a.TimingAction plugin="workflow-api@1336.vee415d95c521">
          <startTime>1737384201838</startTime>
        </wf.a.TimingAction>
      </actions>
    </Tag>
  </entry>
  <entry>
    <string>9</string>
    <Tag plugin="workflow-support@936.v9fa_77211ca_e1">
      <node class="cps.n.StepEndNode" plugin="workflow-cps@4007.vd705fc76a_34e">
        <parentIds>
          <string>8</string>
        </parentIds>
        <id>9</id>
        <startId>5</startId>
      </node>
      <actions>
        <wf.a.TimingAction plugin="workflow-api@1336.vee415d95c521">
          <startTime>1737384201891</startTime>
        </wf.a.TimingAction>
      </actions>
    </Tag>
  </entry>
  <entry>
    <string>10</string>
    <Tag plugin="workflow-support@936.v9fa_77211ca_e1">
      <node class="cps.n.StepStartNode" plugin="workflow-cps@4007.vd705fc76a_34e">
        <parentIds>
          <string>9</string>
        </parentIds>
        <id>10</id>
        <descriptorId>org.jenkinsci.plugins.workflow.steps.EnvStep</descriptorId>
      </node>
      <actions>
        <s.a.LogStorageAction/>
        <cps.a.ArgumentsActionImpl plugin="workflow-cps@4007.vd705fc76a_34e">
          <arguments>
            <entry>
              <string>overrides</string>
              <list>
                <string>GIT_AUTHOR_EMAIL=mamindiaye0101@gmail.com</string>
                <string>GIT_AUTHOR_NAME=agndiaye001</string>
                <string>GIT_BRANCH=origin/prod</string>
                <string>GIT_COMMIT=3ce1f49e633983d2ad3d7e4c0682cda6288dd2f5</string>
                <string>GIT_COMMITTER_EMAIL=mamindiaye0101@gmail.com</string>
                <string>GIT_COMMITTER_NAME=agndiaye001</string>
                <string>GIT_URL=https://github.com/agndiaye001/FilRouge.git/</string>
              </list>
            </entry>
          </arguments>
          <sensitiveVariables/>
          <isUnmodifiedBySanitization>true</isUnmodifiedBySanitization>
        </cps.a.ArgumentsActionImpl>
        <wf.a.TimingAction plugin="workflow-api@1336.vee415d95c521">
          <startTime>1737384201957</startTime>
        </wf.a.TimingAction>
      </actions>
    </Tag>
  </entry>
  <entry>
    <string>11</string>
    <Tag plugin="workflow-support@936.v9fa_77211ca_e1">
      <node class="cps.n.StepStartNode" plugin="workflow-cps@4007.vd705fc76a_34e">
        <parentIds>
          <string>10</string>
        </parentIds>
        <id>11</id>
        <descriptorId>org.jenkinsci.plugins.workflow.steps.EnvStep</descriptorId>
      </node>
      <actions>
        <wf.a.BodyInvocationAction plugin="workflow-api@1336.vee415d95c521"/>
        <wf.a.TimingAction plugin="workflow-api@1336.vee415d95c521">
          <startTime>1737384201967</startTime>
        </wf.a.TimingAction>
      </actions>
    </Tag>
  </entry>
  <entry>
    <string>12</string>
    <Tag plugin="workflow-support@936.v9fa_77211ca_e1">
      <node class="cps.n.StepStartNode" plugin="workflow-cps@4007.vd705fc76a_34e">
        <parentIds>
          <string>11</string>
        </parentIds>
        <id>12</id>
        <descriptorId>org.jenkinsci.plugins.workflow.steps.EnvStep</descriptorId>
      </node>
      <actions>
        <s.a.LogStorageAction/>
        <cps.a.ArgumentsActionImpl plugin="workflow-cps@4007.vd705fc76a_34e">
          <arguments>
            <entry>
              <string>overrides</string>
              <list>
                <string>DOCKER_COMPOSE_FILE=FilRouge/FilRouge/frontend/docker-compose.yaml</string>
              </list>
            </entry>
          </arguments>
          <sensitiveVariables/>
          <isUnmodifiedBySanitization>true</isUnmodifiedBySanitization>
        </cps.a.ArgumentsActionImpl>
        <wf.a.TimingAction plugin="workflow-api@1336.vee415d95c521">
          <startTime>1737384202043</startTime>
        </wf.a.TimingAction>
      </actions>
    </Tag>
  </entry>
  <entry>
    <string>13</string>
    <Tag plugin="workflow-support@936.v9fa_77211ca_e1">
      <node class="cps.n.StepStartNode" plugin="workflow-cps@4007.vd705fc76a_34e">
        <parentIds>
          <string>12</string>
        </parentIds>
        <id>13</id>
        <descriptorId>org.jenkinsci.plugins.workflow.steps.EnvStep</descriptorId>
      </node>
      <actions>
        <wf.a.BodyInvocationAction plugin="workflow-api@1336.vee415d95c521"/>
        <wf.a.TimingAction plugin="workflow-api@1336.vee415d95c521">
          <startTime>1737384202060</startTime>
        </wf.a.TimingAction>
      </actions>
    </Tag>
  </entry>
  <entry>
    <string>14</string>
    <Tag plugin="workflow-support@936.v9fa_77211ca_e1">
      <node class="cps.n.StepStartNode" plugin="workflow-cps@4007.vd705fc76a_34e">
        <parentIds>
          <string>13</string>
        </parentIds>
        <id>14</id>
        <descriptorId>org.jenkinsci.plugins.workflow.support.steps.StageStep</descriptorId>
      </node>
      <actions>
        <s.a.LogStorageAction/>
        <cps.a.ArgumentsActionImpl plugin="workflow-cps@4007.vd705fc76a_34e">
          <arguments>
            <entry>
              <string>name</string>
              <string>List Files</string>
            </entry>
          </arguments>
          <sensitiveVariables/>
          <isUnmodifiedBySanitization>true</isUnmodifiedBySanitization>
        </cps.a.ArgumentsActionImpl>
        <wf.a.TimingAction plugin="workflow-api@1336.vee415d95c521">
          <startTime>1737384202163</startTime>
        </wf.a.TimingAction>
      </actions>
    </Tag>
  </entry>
  <entry>
    <string>15</string>
    <Tag plugin="workflow-support@936.v9fa_77211ca_e1">
      <node class="cps.n.StepStartNode" plugin="workflow-cps@4007.vd705fc76a_34e">
        <parentIds>
          <string>14</string>
        </parentIds>
        <id>15</id>
        <descriptorId>org.jenkinsci.plugins.workflow.support.steps.StageStep</descriptorId>
      </node>
      <actions>
        <wf.a.BodyInvocationAction plugin="workflow-api@1336.vee415d95c521"/>
        <wf.a.LabelAction plugin="workflow-api@1336.vee415d95c521">
          <displayName>List Files</displayName>
        </wf.a.LabelAction>
        <wf.a.TimingAction plugin="workflow-api@1336.vee415d95c521">
          <startTime>1737384202180</startTime>
        </wf.a.TimingAction>
      </actions>
    </Tag>
  </entry>
  <entry>
    <string>16</string>
    <Tag plugin="workflow-support@936.v9fa_77211ca_e1">
      <node class="cps.n.StepAtomNode" plugin="workflow-cps@4007.vd705fc76a_34e">
        <parentIds>
          <string>15</string>
        </parentIds>
        <id>16</id>
        <descriptorId>org.jenkinsci.plugins.workflow.steps.durable_task.ShellStep</descriptorId>
      </node>
      <actions>
        <cps.a.ArgumentsActionImpl plugin="workflow-cps@4007.vd705fc76a_34e">
          <arguments>
            <entry>
              <string>script</string>
              <string>ls -la FilRouge/frontend</string>
            </entry>
          </arguments>
          <sensitiveVariables/>
          <isUnmodifiedBySanitization>true</isUnmodifiedBySanitization>
        </cps.a.ArgumentsActionImpl>
        <wf.a.TimingAction plugin="workflow-api@1336.vee415d95c521">
          <startTime>1737384202264</startTime>
        </wf.a.TimingAction>
        <s.a.LogStorageAction/>
      </actions>
    </Tag>
  </entry>
  <entry>
    <string>17</string>
    <Tag plugin="workflow-support@936.v9fa_77211ca_e1">
      <node class="cps.n.StepAtomNode" plugin="workflow-cps@4007.vd705fc76a_34e">
        <parentIds>
          <string>16</string>
        </parentIds>
        <id>17</id>
        <descriptorId>org.jenkinsci.plugins.workflow.steps.durable_task.ShellStep</descriptorId>
      </node>
      <actions>
        <cps.a.ArgumentsActionImpl plugin="workflow-cps@4007.vd705fc76a_34e">
          <arguments>
            <entry>
              <string>script</string>
              <string>cat ${DOCKER_FILE} </string>
            </entry>
          </arguments>
          <sensitiveVariables/>
          <isUnmodifiedBySanitization>true</isUnmodifiedBySanitization>
        </cps.a.ArgumentsActionImpl>
        <wf.a.TimingAction plugin="workflow-api@1336.vee415d95c521">
          <startTime>1737384202598</startTime>
        </wf.a.TimingAction>
        <s.a.LogStorageAction/>
      </actions>
    </Tag>
  </entry>
  <entry>
    <string>18</string>
    <Tag plugin="workflow-support@936.v9fa_77211ca_e1">
      <node class="cps.n.StepEndNode" plugin="workflow-cps@4007.vd705fc76a_34e">
        <parentIds>
          <string>17</string>
        </parentIds>
        <id>18</id>
        <startId>15</startId>
      </node>
      <actions>
        <wf.a.BodyInvocationAction plugin="workflow-api@1336.vee415d95c521"/>
        <wf.a.TimingAction plugin="workflow-api@1336.vee415d95c521">
          <startTime>1737384202913</startTime>
        </wf.a.TimingAction>
      </actions>
    </Tag>
  </entry>
  <entry>
    <string>19</string>
    <Tag plugin="workflow-support@936.v9fa_77211ca_e1">
      <node class="cps.n.StepEndNode" plugin="workflow-cps@4007.vd705fc76a_34e">
        <parentIds>
          <string>18</string>
        </parentIds>
        <id>19</id>
        <startId>14</startId>
      </node>
      <actions>
        <wf.a.TimingAction plugin="workflow-api@1336.vee415d95c521">
          <startTime>1737384202970</startTime>
        </wf.a.TimingAction>
      </actions>
    </Tag>
  </entry>
  <entry>
    <string>20</string>
    <Tag plugin="workflow-support@936.v9fa_77211ca_e1">
      <node class="cps.n.StepStartNode" plugin="workflow-cps@4007.vd705fc76a_34e">
        <parentIds>
          <string>19</string>
        </parentIds>
        <id>20</id>
        <descriptorId>org.jenkinsci.plugins.workflow.support.steps.StageStep</descriptorId>
      </node>
      <actions>
        <s.a.LogStorageAction/>
        <cps.a.ArgumentsActionImpl plugin="workflow-cps@4007.vd705fc76a_34e">
          <arguments>
            <entry>
              <string>name</string>
              <string>Build Docker</string>
            </entry>
          </arguments>
          <sensitiveVariables/>
          <isUnmodifiedBySanitization>true</isUnmodifiedBySanitization>
        </cps.a.ArgumentsActionImpl>
        <wf.a.TimingAction plugin="workflow-api@1336.vee415d95c521">
          <startTime>1737384203048</startTime>
        </wf.a.TimingAction>
      </actions>
    </Tag>
  </entry>
  <entry>
    <string>21</string>
    <Tag plugin="workflow-support@936.v9fa_77211ca_e1">
      <node class="cps.n.StepStartNode" plugin="workflow-cps@4007.vd705fc76a_34e">
        <parentIds>
          <string>20</string>
        </parentIds>
        <id>21</id>
        <descriptorId>org.jenkinsci.plugins.workflow.support.steps.StageStep</descriptorId>
      </node>
      <actions>
        <wf.a.BodyInvocationAction plugin="workflow-api@1336.vee415d95c521"/>
        <wf.a.LabelAction plugin="workflow-api@1336.vee415d95c521">
          <displayName>Build Docker</displayName>
        </wf.a.LabelAction>
        <wf.a.TimingAction plugin="workflow-api@1336.vee415d95c521">
          <startTime>1737384203068</startTime>
        </wf.a.TimingAction>
        <wf.a.TagsAction plugin="workflow-api@1336.vee415d95c521">
          <tags>
            <entry>
              <string>STAGE_STATUS</string>
              <string>FAILED_AND_CONTINUED</string>
            </entry>
          </tags>
        </wf.a.TagsAction>
      </actions>
    </Tag>
  </entry>
  <entry>
    <string>22</string>
    <Tag plugin="workflow-support@936.v9fa_77211ca_e1">
      <node class="cps.n.StepStartNode" plugin="workflow-cps@4007.vd705fc76a_34e">
        <parentIds>
          <string>21</string>
        </parentIds>
        <id>22</id>
        <descriptorId>org.jenkinsci.plugins.pipeline.modeldefinition.steps.ScriptStep</descriptorId>
      </node>
      <actions>
        <s.a.LogStorageAction/>
        <wf.a.TimingAction plugin="workflow-api@1336.vee415d95c521">
          <startTime>1737384203186</startTime>
        </wf.a.TimingAction>
      </actions>
    </Tag>
  </entry>
  <entry>
    <string>23</string>
    <Tag plugin="workflow-support@936.v9fa_77211ca_e1">
      <node class="cps.n.StepStartNode" plugin="workflow-cps@4007.vd705fc76a_34e">
        <parentIds>
          <string>22</string>
        </parentIds>
        <id>23</id>
        <descriptorId>org.jenkinsci.plugins.pipeline.modeldefinition.steps.ScriptStep</descriptorId>
      </node>
      <actions>
        <wf.a.BodyInvocationAction plugin="workflow-api@1336.vee415d95c521"/>
        <wf.a.TimingAction plugin="workflow-api@1336.vee415d95c521">
          <startTime>1737384203217</startTime>
        </wf.a.TimingAction>
      </actions>
    </Tag>
  </entry>
  <entry>
    <string>24</string>
    <Tag plugin="workflow-support@936.v9fa_77211ca_e1">
      <node class="cps.n.StepAtomNode" plugin="workflow-cps@4007.vd705fc76a_34e">
        <parentIds>
          <string>23</string>
        </parentIds>
        <id>24</id>
        <descriptorId>org.jenkinsci.plugins.workflow.steps.FileExistsStep</descriptorId>
      </node>
      <actions>
        <cps.a.ArgumentsActionImpl plugin="workflow-cps@4007.vd705fc76a_34e">
          <arguments>
            <entry>
              <string>file</string>
              <string>FilRouge/frontend</string>
            </entry>
          </arguments>
          <sensitiveVariables/>
          <isUnmodifiedBySanitization>true</isUnmodifiedBySanitization>
        </cps.a.ArgumentsActionImpl>
        <wf.a.TimingAction plugin="workflow-api@1336.vee415d95c521">
          <startTime>1737384203292</startTime>
        </wf.a.TimingAction>
        <s.a.LogStorageAction/>
      </actions>
    </Tag>
  </entry>
  <entry>
    <string>25</string>
    <Tag plugin="workflow-support@936.v9fa_77211ca_e1">
      <node class="cps.n.StepAtomNode" plugin="workflow-cps@4007.vd705fc76a_34e">
        <parentIds>
          <string>24</string>
        </parentIds>
        <id>25</id>
        <descriptorId>org.jenkinsci.plugins.workflow.steps.durable_task.ShellStep</descriptorId>
      </node>
      <actions>
        <cps.a.ArgumentsActionImpl plugin="workflow-cps@4007.vd705fc76a_34e">
          <arguments>
            <entry>
              <string>script</string>
              <string>docker compose -f ${DOCKER_COMPOSE_FILE} up --build -d</string>
            </entry>
          </arguments>
          <sensitiveVariables/>
          <isUnmodifiedBySanitization>true</isUnmodifiedBySanitization>
        </cps.a.ArgumentsActionImpl>
        <wf.a.TimingAction plugin="workflow-api@1336.vee415d95c521">
          <startTime>1737384203371</startTime>
        </wf.a.TimingAction>
        <s.a.LogStorageAction/>
        <wf.a.ErrorAction plugin="workflow-api@1336.vee415d95c521">
          <error class="hudson.AbortException">
            <detailMessage>script returned exit code 14</detailMessage>
            <stackTrace>
              <trace>PluginClassLoader for workflow-durable-task-step//org.jenkinsci.plugins.workflow.steps.durable_task.DurableTaskStep$Execution.handleExit(DurableTaskStep.java:669)</trace>
              <trace>PluginClassLoader for workflow-durable-task-step//org.jenkinsci.plugins.workflow.steps.durable_task.DurableTaskStep$Execution.check(DurableTaskStep.java:615)</trace>
              <trace>PluginClassLoader for workflow-durable-task-step//org.jenkinsci.plugins.workflow.steps.durable_task.DurableTaskStep$Execution.run(DurableTaskStep.java:556)</trace>
              <trace>java.base/java.util.concurrent.Executors$RunnableAdapter.call(Executors.java:539)</trace>
              <trace>java.base/java.util.concurrent.FutureTask.run(FutureTask.java:264)</trace>
              <trace>java.base/java.util.concurrent.ScheduledThreadPoolExecutor$ScheduledFutureTask.run(ScheduledThreadPoolExecutor.java:304)</trace>
              <trace>java.base/java.util.concurrent.ThreadPoolExecutor.runWorker(ThreadPoolExecutor.java:1136)</trace>
              <trace>java.base/java.util.concurrent.ThreadPoolExecutor$Worker.run(ThreadPoolExecutor.java:635)</trace>
              <trace>java.base/java.lang.Thread.run(Thread.java:840)</trace>
            </stackTrace>
            <suppressedExceptions>
              <wf.a.ErrorAction_-ErrorId>
                <stackTrace/>
                <suppressedExceptions class="empty-list"/>
                <uuid>5732fbd8-2874-462c-913c-d9611d15a68f</uuid>
              </wf.a.ErrorAction_-ErrorId>
            </suppressedExceptions>
          </error>
        </wf.a.ErrorAction>
      </actions>
    </Tag>
  </entry>
  <entry>
    <string>26</string>
    <Tag plugin="workflow-support@936.v9fa_77211ca_e1">
      <node class="cps.n.StepEndNode" plugin="workflow-cps@4007.vd705fc76a_34e">
        <parentIds>
          <string>25</string>
        </parentIds>
        <id>26</id>
        <startId>23</startId>
      </node>
      <actions>
        <wf.a.BodyInvocationAction plugin="workflow-api@1336.vee415d95c521"/>
        <wf.a.TimingAction plugin="workflow-api@1336.vee415d95c521">
          <startTime>1737384203955</startTime>
        </wf.a.TimingAction>
        <wf.a.ErrorAction plugin="workflow-api@1336.vee415d95c521">
          <error class="hudson.AbortException" reference="../../../../../entry[24]/Tag/actions/wf.a.ErrorAction/error"/>
        </wf.a.ErrorAction>
      </actions>
    </Tag>
  </entry>
  <entry>
    <string>27</string>
    <Tag plugin="workflow-support@936.v9fa_77211ca_e1">
      <node class="cps.n.StepEndNode" plugin="workflow-cps@4007.vd705fc76a_34e">
        <parentIds>
          <string>26</string>
        </parentIds>
        <id>27</id>
        <startId>22</startId>
      </node>
      <actions>
        <wf.a.TimingAction plugin="workflow-api@1336.vee415d95c521">
          <startTime>1737384204058</startTime>
        </wf.a.TimingAction>
        <wf.a.ErrorAction plugin="workflow-api@1336.vee415d95c521">
          <error class="hudson.AbortException" reference="../../../../../entry[24]/Tag/actions/wf.a.ErrorAction/error"/>
        </wf.a.ErrorAction>
      </actions>
    </Tag>
  </entry>
  <entry>
    <string>28</string>
    <Tag plugin="workflow-support@936.v9fa_77211ca_e1">
      <node class="cps.n.StepEndNode" plugin="workflow-cps@4007.vd705fc76a_34e">
        <parentIds>
          <string>27</string>
        </parentIds>
        <id>28</id>
        <startId>21</startId>
      </node>
      <actions>
        <wf.a.BodyInvocationAction plugin="workflow-api@1336.vee415d95c521"/>
        <wf.a.TimingAction plugin="workflow-api@1336.vee415d95c521">
          <startTime>1737384204113</startTime>
        </wf.a.TimingAction>
        <wf.a.ErrorAction plugin="workflow-api@1336.vee415d95c521">
          <error class="hudson.AbortException" reference="../../../../../entry[24]/Tag/actions/wf.a.ErrorAction/error"/>
        </wf.a.ErrorAction>
      </actions>
    </Tag>
  </entry>
  <entry>
    <string>29</string>
    <Tag plugin="workflow-support@936.v9fa_77211ca_e1">
      <node class="cps.n.StepEndNode" plugin="workflow-cps@4007.vd705fc76a_34e">
        <parentIds>
          <string>28</string>
        </parentIds>
        <id>29</id>
        <startId>20</startId>
      </node>
      <actions>
        <wf.a.TimingAction plugin="workflow-api@1336.vee415d95c521">
          <startTime>1737384204179</startTime>
        </wf.a.TimingAction>
        <wf.a.ErrorAction plugin="workflow-api@1336.vee415d95c521">
          <error class="hudson.AbortException" reference="../../../../../entry[24]/Tag/actions/wf.a.ErrorAction/error"/>
        </wf.a.ErrorAction>
      </actions>
    </Tag>
  </entry>
  <entry>
    <string>30</string>
    <Tag plugin="workflow-support@936.v9fa_77211ca_e1">
      <node class="cps.n.StepStartNode" plugin="workflow-cps@4007.vd705fc76a_34e">
        <parentIds>
          <string>29</string>
        </parentIds>
        <id>30</id>
        <descriptorId>org.jenkinsci.plugins.workflow.support.steps.StageStep</descriptorId>
      </node>
      <actions>
        <s.a.LogStorageAction/>
        <cps.a.ArgumentsActionImpl plugin="workflow-cps@4007.vd705fc76a_34e">
          <arguments>
            <entry>
              <string>name</string>
              <string>Cleanup</string>
            </entry>
          </arguments>
          <sensitiveVariables/>
          <isUnmodifiedBySanitization>true</isUnmodifiedBySanitization>
        </cps.a.ArgumentsActionImpl>
        <wf.a.TimingAction plugin="workflow-api@1336.vee415d95c521">
          <startTime>1737384204241</startTime>
        </wf.a.TimingAction>
      </actions>
    </Tag>
  </entry>
  <entry>
    <string>31</string>
    <Tag plugin="workflow-support@936.v9fa_77211ca_e1">
      <node class="cps.n.StepStartNode" plugin="workflow-cps@4007.vd705fc76a_34e">
        <parentIds>
          <string>30</string>
        </parentIds>
        <id>31</id>
        <descriptorId>org.jenkinsci.plugins.workflow.support.steps.StageStep</descriptorId>
      </node>
      <actions>
        <wf.a.BodyInvocationAction plugin="workflow-api@1336.vee415d95c521"/>
        <wf.a.LabelAction plugin="workflow-api@1336.vee415d95c521">
          <displayName>Cleanup</displayName>
        </wf.a.LabelAction>
        <wf.a.TimingAction plugin="workflow-api@1336.vee415d95c521">
          <startTime>1737384204251</startTime>
        </wf.a.TimingAction>
        <wf.a.TagsAction plugin="workflow-api@1336.vee415d95c521">
          <tags>
            <entry>
              <string>STAGE_STATUS</string>
              <string>SKIPPED_FOR_FAILURE</string>
            </entry>
          </tags>
        </wf.a.TagsAction>
      </actions>
    </Tag>
  </entry>
  <entry>
    <string>32</string>
    <Tag plugin="workflow-support@936.v9fa_77211ca_e1">
      <node class="cps.n.StepAtomNode" plugin="workflow-cps@4007.vd705fc76a_34e">
        <parentIds>
          <string>31</string>
        </parentIds>
        <id>32</id>
        <descriptorId>org.jenkinsci.plugins.workflow.steps.GetContextStep</descriptorId>
      </node>
      <actions>
        <cps.a.ArgumentsActionImpl plugin="workflow-cps@4007.vd705fc76a_34e">
          <arguments>
            <entry>
              <string>type</string>
              <wf.a.ArgumentsAction_-NotStoredReason>UNSERIALIZABLE</wf.a.ArgumentsAction_-NotStoredReason>
            </entry>
          </arguments>
          <sensitiveVariables/>
          <isUnmodifiedBySanitization>false</isUnmodifiedBySanitization>
        </cps.a.ArgumentsActionImpl>
        <wf.a.TimingAction plugin="workflow-api@1336.vee415d95c521">
          <startTime>1737384204304</startTime>
        </wf.a.TimingAction>
        <s.a.LogStorageAction/>
      </actions>
    </Tag>
  </entry>
  <entry>
    <string>33</string>
    <Tag plugin="workflow-support@936.v9fa_77211ca_e1">
      <node class="cps.n.StepEndNode" plugin="workflow-cps@4007.vd705fc76a_34e">
        <parentIds>
          <string>32</string>
        </parentIds>
        <id>33</id>
        <startId>31</startId>
      </node>
      <actions>
        <wf.a.BodyInvocationAction plugin="workflow-api@1336.vee415d95c521"/>
        <wf.a.TimingAction plugin="workflow-api@1336.vee415d95c521">
          <startTime>1737384204348</startTime>
        </wf.a.TimingAction>
        <wf.a.ErrorAction plugin="workflow-api@1336.vee415d95c521">
          <error class="hudson.AbortException" reference="../../../../../entry[24]/Tag/actions/wf.a.ErrorAction/error"/>
        </wf.a.ErrorAction>
      </actions>
    </Tag>
  </entry>
  <entry>
    <string>34</string>
    <Tag plugin="workflow-support@936.v9fa_77211ca_e1">
      <node class="cps.n.StepEndNode" plugin="workflow-cps@4007.vd705fc76a_34e">
        <parentIds>
          <string>33</string>
        </parentIds>
        <id>34</id>
        <startId>30</startId>
      </node>
      <actions>
        <wf.a.TimingAction plugin="workflow-api@1336.vee415d95c521">
          <startTime>1737384204454</startTime>
        </wf.a.TimingAction>
        <wf.a.ErrorAction plugin="workflow-api@1336.vee415d95c521">
          <error class="hudson.AbortException" reference="../../../../../entry[24]/Tag/actions/wf.a.ErrorAction/error"/>
        </wf.a.ErrorAction>
      </actions>
    </Tag>
  </entry>
  <entry>
    <string>35</string>
    <Tag plugin="workflow-support@936.v9fa_77211ca_e1">
      <node class="cps.n.StepStartNode" plugin="workflow-cps@4007.vd705fc76a_34e">
        <parentIds>
          <string>34</string>
        </parentIds>
        <id>35</id>
        <descriptorId>org.jenkinsci.plugins.workflow.support.steps.StageStep</descriptorId>
      </node>
      <actions>
        <s.a.LogStorageAction/>
        <cps.a.ArgumentsActionImpl plugin="workflow-cps@4007.vd705fc76a_34e">
          <arguments>
            <entry>
              <string>name</string>
              <string>Declarative: Post Actions</string>
            </entry>
          </arguments>
          <sensitiveVariables/>
          <isUnmodifiedBySanitization>true</isUnmodifiedBySanitization>
        </cps.a.ArgumentsActionImpl>
        <wf.a.TimingAction plugin="workflow-api@1336.vee415d95c521">
          <startTime>1737384204541</startTime>
        </wf.a.TimingAction>
      </actions>
    </Tag>
  </entry>
  <entry>
    <string>36</string>
    <Tag plugin="workflow-support@936.v9fa_77211ca_e1">
      <node class="cps.n.StepStartNode" plugin="workflow-cps@4007.vd705fc76a_34e">
        <parentIds>
          <string>35</string>
        </parentIds>
        <id>36</id>
        <descriptorId>org.jenkinsci.plugins.workflow.support.steps.StageStep</descriptorId>
      </node>
      <actions>
        <wf.a.BodyInvocationAction plugin="workflow-api@1336.vee415d95c521"/>
        <wf.a.LabelAction plugin="workflow-api@1336.vee415d95c521">
          <displayName>Declarative: Post Actions</displayName>
        </wf.a.LabelAction>
        <wf.a.TimingAction plugin="workflow-api@1336.vee415d95c521">
          <startTime>1737384204555</startTime>
        </wf.a.TimingAction>
        <wf.a.TagsAction plugin="workflow-api@1336.vee415d95c521">
          <tags>
            <entry>
              <string>SYNTHETIC_STAGE</string>
              <string>POST</string>
            </entry>
          </tags>
        </wf.a.TagsAction>
      </actions>
    </Tag>
  </entry>
  <entry>
    <string>37</string>
    <Tag plugin="workflow-support@936.v9fa_77211ca_e1">
      <node class="cps.n.StepAtomNode" plugin="workflow-cps@4007.vd705fc76a_34e">
        <parentIds>
          <string>36</string>
        </parentIds>
        <id>37</id>
        <descriptorId>org.jenkinsci.plugins.workflow.steps.EchoStep</descriptorId>
      </node>
      <actions>
        <cps.a.ArgumentsActionImpl plugin="workflow-cps@4007.vd705fc76a_34e">
          <arguments>
            <entry>
              <string>message</string>
              <string>Pipeline terminé.</string>
            </entry>
          </arguments>
          <sensitiveVariables/>
          <isUnmodifiedBySanitization>true</isUnmodifiedBySanitization>
        </cps.a.ArgumentsActionImpl>
        <wf.a.TimingAction plugin="workflow-api@1336.vee415d95c521">
          <startTime>1737384204643</startTime>
        </wf.a.TimingAction>
        <s.a.LogStorageAction/>
      </actions>
    </Tag>
  </entry>
  <entry>
    <string>38</string>
    <Tag plugin="workflow-support@936.v9fa_77211ca_e1">
      <node class="cps.n.StepAtomNode" plugin="workflow-cps@4007.vd705fc76a_34e">
        <parentIds>
          <string>37</string>
        </parentIds>
        <id>38</id>
        <descriptorId>org.jenkinsci.plugins.workflow.steps.EchoStep</descriptorId>
      </node>
      <actions>
        <cps.a.ArgumentsActionImpl plugin="workflow-cps@4007.vd705fc76a_34e">
          <arguments>
            <entry>
              <string>message</string>
              <string>Une erreur est survenue pendant le pipeline.</string>
            </entry>
          </arguments>
          <sensitiveVariables/>
          <isUnmodifiedBySanitization>true</isUnmodifiedBySanitization>
        </cps.a.ArgumentsActionImpl>
        <wf.a.TimingAction plugin="workflow-api@1336.vee415d95c521">
          <startTime>1737384204703</startTime>
        </wf.a.TimingAction>
        <s.a.LogStorageAction/>
      </actions>
    </Tag>
  </entry>
  <entry>
    <string>39</string>
    <Tag plugin="workflow-support@936.v9fa_77211ca_e1">
      <node class="cps.n.StepEndNode" plugin="workflow-cps@4007.vd705fc76a_34e">
        <parentIds>
          <string>38</string>
        </parentIds>
        <id>39</id>
        <startId>36</startId>
      </node>
      <actions>
        <wf.a.BodyInvocationAction plugin="workflow-api@1336.vee415d95c521"/>
        <wf.a.TimingAction plugin="workflow-api@1336.vee415d95c521">
          <startTime>1737384204772</startTime>
        </wf.a.TimingAction>
      </actions>
    </Tag>
  </entry>
  <entry>
    <string>40</string>
    <Tag plugin="workflow-support@936.v9fa_77211ca_e1">
      <node class="cps.n.StepEndNode" plugin="workflow-cps@4007.vd705fc76a_34e">
        <parentIds>
          <string>39</string>
        </parentIds>
        <id>40</id>
        <startId>35</startId>
      </node>
      <actions>
        <wf.a.TimingAction plugin="workflow-api@1336.vee415d95c521">
          <startTime>1737384204831</startTime>
        </wf.a.TimingAction>
      </actions>
    </Tag>
  </entry>
  <entry>
    <string>41</string>
    <Tag plugin="workflow-support@936.v9fa_77211ca_e1">
      <node class="cps.n.StepEndNode" plugin="workflow-cps@4007.vd705fc76a_34e">
        <parentIds>
          <string>40</string>
        </parentIds>
        <id>41</id>
        <startId>13</startId>
      </node>
      <actions>
        <wf.a.BodyInvocationAction plugin="workflow-api@1336.vee415d95c521"/>
        <wf.a.TimingAction plugin="workflow-api@1336.vee415d95c521">
          <startTime>1737384204861</startTime>
        </wf.a.TimingAction>
        <wf.a.ErrorAction plugin="workflow-api@1336.vee415d95c521">
          <error class="hudson.AbortException" reference="../../../../../entry[24]/Tag/actions/wf.a.ErrorAction/error"/>
        </wf.a.ErrorAction>
      </actions>
    </Tag>
  </entry>
  <entry>
    <string>42</string>
    <Tag plugin="workflow-support@936.v9fa_77211ca_e1">
      <node class="cps.n.StepEndNode" plugin="workflow-cps@4007.vd705fc76a_34e">
        <parentIds>
          <string>41</string>
        </parentIds>
        <id>42</id>
        <startId>12</startId>
      </node>
      <actions>
        <wf.a.TimingAction plugin="workflow-api@1336.vee415d95c521">
          <startTime>1737384204969</startTime>
        </wf.a.TimingAction>
        <wf.a.ErrorAction plugin="workflow-api@1336.vee415d95c521">
          <error class="hudson.AbortException" reference="../../../../../entry[24]/Tag/actions/wf.a.ErrorAction/error"/>
        </wf.a.ErrorAction>
      </actions>
    </Tag>
  </entry>
  <entry>
    <string>43</string>
    <Tag plugin="workflow-support@936.v9fa_77211ca_e1">
      <node class="cps.n.StepEndNode" plugin="workflow-cps@4007.vd705fc76a_34e">
        <parentIds>
          <string>42</string>
        </parentIds>
        <id>43</id>
        <startId>11</startId>
      </node>
      <actions>
        <wf.a.BodyInvocationAction plugin="workflow-api@1336.vee415d95c521"/>
        <wf.a.TimingAction plugin="workflow-api@1336.vee415d95c521">
          <startTime>1737384205012</startTime>
        </wf.a.TimingAction>
        <wf.a.ErrorAction plugin="workflow-api@1336.vee415d95c521">
          <error class="hudson.AbortException" reference="../../../../../entry[24]/Tag/actions/wf.a.ErrorAction/error"/>
        </wf.a.ErrorAction>
      </actions>
    </Tag>
  </entry>
  <entry>
    <string>44</string>
    <Tag plugin="workflow-support@936.v9fa_77211ca_e1">
      <node class="cps.n.StepEndNode" plugin="workflow-cps@4007.vd705fc76a_34e">
        <parentIds>
          <string>43</string>
        </parentIds>
        <id>44</id>
        <startId>10</startId>
      </node>
      <actions>
        <wf.a.TimingAction plugin="workflow-api@1336.vee415d95c521">
          <startTime>1737384205064</startTime>
        </wf.a.TimingAction>
        <wf.a.ErrorAction plugin="workflow-api@1336.vee415d95c521">
          <error class="hudson.AbortException" reference="../../../../../entry[24]/Tag/actions/wf.a.ErrorAction/error"/>
        </wf.a.ErrorAction>
      </actions>
    </Tag>
  </entry>
  <entry>
    <string>45</string>
    <Tag plugin="workflow-support@936.v9fa_77211ca_e1">
      <node class="cps.n.StepEndNode" plugin="workflow-cps@4007.vd705fc76a_34e">
        <parentIds>
          <string>44</string>
        </parentIds>
        <id>45</id>
        <startId>4</startId>
      </node>
      <actions>
        <wf.a.BodyInvocationAction plugin="workflow-api@1336.vee415d95c521"/>
        <wf.a.TimingAction plugin="workflow-api@1336.vee415d95c521">
          <startTime>1737384205115</startTime>
        </wf.a.TimingAction>
        <wf.a.ErrorAction plugin="workflow-api@1336.vee415d95c521">
          <error class="hudson.AbortException" reference="../../../../../entry[24]/Tag/actions/wf.a.ErrorAction/error"/>
        </wf.a.ErrorAction>
      </actions>
    </Tag>
  </entry>
  <entry>
    <string>46</string>
    <Tag plugin="workflow-support@936.v9fa_77211ca_e1">
      <node class="cps.n.StepEndNode" plugin="workflow-cps@4007.vd705fc76a_34e">
        <parentIds>
          <string>45</string>
        </parentIds>
        <id>46</id>
        <startId>3</startId>
      </node>
      <actions>
        <wf.a.TimingAction plugin="workflow-api@1336.vee415d95c521">
          <startTime>1737384205199</startTime>
        </wf.a.TimingAction>
        <wf.a.ErrorAction plugin="workflow-api@1336.vee415d95c521">
          <error class="hudson.AbortException" reference="../../../../../entry[24]/Tag/actions/wf.a.ErrorAction/error"/>
        </wf.a.ErrorAction>
        <wf.a.ErrorAction plugin="workflow-api@1336.vee415d95c521">
          <error class="hudson.AbortException" reference="../../../../../entry[24]/Tag/actions/wf.a.ErrorAction/error"/>
        </wf.a.ErrorAction>
      </actions>
    </Tag>
  </entry>
  <entry>
    <string>47</string>
    <Tag plugin="workflow-support@936.v9fa_77211ca_e1">
      <node class="org.jenkinsci.plugins.workflow.graph.FlowEndNode" plugin="workflow-api@1336.vee415d95c521">
        <parentIds>
          <string>46</string>
        </parentIds>
        <id>47</id>
        <startId>2</startId>
        <result>
          <name>FAILURE</name>
          <ordinal>2</ordinal>
          <color>RED</color>
          <completeBuild>true</completeBuild>
        </result>
      </node>
      <actions>
        <wf.a.ErrorAction plugin="workflow-api@1336.vee415d95c521">
          <error class="hudson.AbortException" reference="../../../../../entry[24]/Tag/actions/wf.a.ErrorAction/error"/>
        </wf.a.ErrorAction>
        <wf.a.TimingAction plugin="workflow-api@1336.vee415d95c521">
          <startTime>1737384205274</startTime>
        </wf.a.TimingAction>
      </actions>
    </Tag>
  </entry>
</linked-hash-map>